ISO-10303-21;
HEADER;
/* Generated by software containing ST-Developer
 * from STEP Tools, Inc. (www.steptools.com) 
 */

FILE_DESCRIPTION(
/* description */ (''),
/* implementation_level */ '2;1');

FILE_NAME(
/* name */ 'Link 2.step',
/* time_stamp */ '2026-09-24T22:37:25+05:30',
/* author */ (''),
/* organization */ (''),
/* preprocessor_version */ 'ST-DEVELOPER v20.2',
/* originating_system */ 'Autodesk Translation Framework v15.15.0.0',
/* authorisation */ '');

FILE_SCHEMA (('AUTOMOTIVE_DESIGN { 1 0 10303 214 3 1 1 }'));
ENDSEC;

DATA;
#10=MECHANICAL_DESIGN_GEOMETRIC_PRESENTATION_REPRESENTATION('',(#13),#3343);
#11=SHAPE_REPRESENTATION_RELATIONSHIP('SRR','None',#3350,#12);
#12=ADVANCED_BREP_SHAPE_REPRESENTATION('',(#14),#3342);
#13=STYLED_ITEM('',(#3360),#14);
#14=MANIFOLD_SOLID_BREP('Body1',#1774);
#15=FACE_BOUND('',#277,.T.);
#16=FACE_BOUND('',#306,.T.);
#17=FACE_BOUND('',#311,.T.);
#18=FACE_BOUND('',#312,.T.);
#19=FACE_BOUND('',#313,.T.);
#20=FACE_BOUND('',#314,.T.);
#21=FACE_BOUND('',#315,.T.);
#22=FACE_BOUND('',#328,.T.);
#23=FACE_BOUND('',#329,.T.);
#24=FACE_BOUND('',#330,.T.);
#25=FACE_BOUND('',#333,.T.);
#26=FACE_BOUND('',#334,.T.);
#27=FACE_BOUND('',#335,.T.);
#28=FACE_BOUND('',#336,.T.);
#29=CIRCLE('',#1805,1.99999999999999);
#30=CIRCLE('',#1806,1.99999999999999);
#31=CIRCLE('',#1808,6.5);
#32=CIRCLE('',#1809,6.5);
#33=CIRCLE('',#1810,6.5);
#34=CIRCLE('',#1811,6.5);
#35=CIRCLE('',#1812,6.5);
#36=CIRCLE('',#1814,16.5);
#37=CIRCLE('',#1823,16.5);
#38=CIRCLE('',#1824,13.5);
#39=CIRCLE('',#1831,19.);
#40=CIRCLE('',#1832,16.0000000012454);
#41=CIRCLE('',#1834,19.);
#42=CIRCLE('',#1836,1.0877);
#43=CIRCLE('',#1837,1.0877);
#44=CIRCLE('',#1840,1.0877);
#45=CIRCLE('',#1841,1.0877);
#46=CIRCLE('',#1844,1.0877);
#47=CIRCLE('',#1845,1.0877);
#48=CIRCLE('',#1848,1.0877);
#49=CIRCLE('',#1849,1.0877);
#50=CIRCLE('',#1856,9.);
#51=CIRCLE('',#1858,16.0000000012454);
#52=CIRCLE('',#1867,0.8115);
#53=CIRCLE('',#1868,0.8115);
#54=CIRCLE('',#1871,0.8115);
#55=CIRCLE('',#1872,0.8115);
#56=CIRCLE('',#1877,13.5);
#57=CIRCLE('',#1880,9.);
#58=CYLINDRICAL_SURFACE('',#1804,1.99999999999999);
#59=CYLINDRICAL_SURFACE('',#1807,6.5);
#60=CYLINDRICAL_SURFACE('',#1825,16.5);
#61=CYLINDRICAL_SURFACE('',#1833,19.);
#62=CYLINDRICAL_SURFACE('',#1835,1.0877);
#63=CYLINDRICAL_SURFACE('',#1839,1.0877);
#64=CYLINDRICAL_SURFACE('',#1843,1.0877);
#65=CYLINDRICAL_SURFACE('',#1847,1.0877);
#66=CYLINDRICAL_SURFACE('',#1857,16.0000000012454);
#67=CYLINDRICAL_SURFACE('',#1866,0.8115);
#68=CYLINDRICAL_SURFACE('',#1870,0.8115);
#69=CYLINDRICAL_SURFACE('',#1876,13.5);
#70=CYLINDRICAL_SURFACE('',#1879,9.);
#71=PLANE('',#1788);
#72=PLANE('',#1789);
#73=PLANE('',#1790);
#74=PLANE('',#1791);
#75=PLANE('',#1792);
#76=PLANE('',#1793);
#77=PLANE('',#1794);
#78=PLANE('',#1795);
#79=PLANE('',#1796);
#80=PLANE('',#1797);
#81=PLANE('',#1798);
#82=PLANE('',#1799);
#83=PLANE('',#1800);
#84=PLANE('',#1801);
#85=PLANE('',#1802);
#86=PLANE('',#1803);
#87=PLANE('',#1813);
#88=PLANE('',#1815);
#89=PLANE('',#1816);
#90=PLANE('',#1817);
#91=PLANE('',#1818);
#92=PLANE('',#1819);
#93=PLANE('',#1820);
#94=PLANE('',#1821);
#95=PLANE('',#1822);
#96=PLANE('',#1826);
#97=PLANE('',#1827);
#98=PLANE('',#1828);
#99=PLANE('',#1829);
#100=PLANE('',#1830);
#101=PLANE('',#1838);
#102=PLANE('',#1842);
#103=PLANE('',#1846);
#104=PLANE('',#1850);
#105=PLANE('',#1851);
#106=PLANE('',#1852);
#107=PLANE('',#1853);
#108=PLANE('',#1854);
#109=PLANE('',#1855);
#110=PLANE('',#1859);
#111=PLANE('',#1860);
#112=PLANE('',#1861);
#113=PLANE('',#1862);
#114=PLANE('',#1863);
#115=PLANE('',#1864);
#116=PLANE('',#1865);
#117=PLANE('',#1869);
#118=PLANE('',#1873);
#119=PLANE('',#1874);
#120=PLANE('',#1875);
#121=PLANE('',#1878);
#122=PLANE('',#1881);
#123=FACE_OUTER_BOUND('',#223,.T.);
#124=FACE_OUTER_BOUND('',#224,.T.);
#125=FACE_OUTER_BOUND('',#225,.T.);
#126=FACE_OUTER_BOUND('',#226,.T.);
#127=FACE_OUTER_BOUND('',#227,.T.);
#128=FACE_OUTER_BOUND('',#228,.T.);
#129=FACE_OUTER_BOUND('',#229,.T.);
#130=FACE_OUTER_BOUND('',#230,.T.);
#131=FACE_OUTER_BOUND('',#231,.T.);
#132=FACE_OUTER_BOUND('',#232,.T.);
#133=FACE_OUTER_BOUND('',#233,.T.);
#134=FACE_OUTER_BOUND('',#234,.T.);
#135=FACE_OUTER_BOUND('',#235,.T.);
#136=FACE_OUTER_BOUND('',#236,.T.);
#137=FACE_OUTER_BOUND('',#237,.T.);
#138=FACE_OUTER_BOUND('',#238,.T.);
#139=FACE_OUTER_BOUND('',#239,.T.);
#140=FACE_OUTER_BOUND('',#240,.T.);
#141=FACE_OUTER_BOUND('',#241,.T.);
#142=FACE_OUTER_BOUND('',#242,.T.);
#143=FACE_OUTER_BOUND('',#243,.T.);
#144=FACE_OUTER_BOUND('',#244,.T.);
#145=FACE_OUTER_BOUND('',#245,.T.);
#146=FACE_OUTER_BOUND('',#246,.T.);
#147=FACE_OUTER_BOUND('',#247,.T.);
#148=FACE_OUTER_BOUND('',#248,.T.);
#149=FACE_OUTER_BOUND('',#249,.T.);
#150=FACE_OUTER_BOUND('',#250,.T.);
#151=FACE_OUTER_BOUND('',#251,.T.);
#152=FACE_OUTER_BOUND('',#252,.T.);
#153=FACE_OUTER_BOUND('',#253,.T.);
#154=FACE_OUTER_BOUND('',#254,.T.);
#155=FACE_OUTER_BOUND('',#255,.T.);
#156=FACE_OUTER_BOUND('',#256,.T.);
#157=FACE_OUTER_BOUND('',#257,.T.);
#158=FACE_OUTER_BOUND('',#258,.T.);
#159=FACE_OUTER_BOUND('',#259,.T.);
#160=FACE_OUTER_BOUND('',#260,.T.);
#161=FACE_OUTER_BOUND('',#261,.T.);
#162=FACE_OUTER_BOUND('',#262,.T.);
#163=FACE_OUTER_BOUND('',#263,.T.);
#164=FACE_OUTER_BOUND('',#264,.T.);
#165=FACE_OUTER_BOUND('',#265,.T.);
#166=FACE_OUTER_BOUND('',#266,.T.);
#167=FACE_OUTER_BOUND('',#267,.T.);
#168=FACE_OUTER_BOUND('',#268,.T.);
#169=FACE_OUTER_BOUND('',#269,.T.);
#170=FACE_OUTER_BOUND('',#270,.T.);
#171=FACE_OUTER_BOUND('',#271,.T.);
#172=FACE_OUTER_BOUND('',#272,.T.);
#173=FACE_OUTER_BOUND('',#273,.T.);
#174=FACE_OUTER_BOUND('',#274,.T.);
#175=FACE_OUTER_BOUND('',#275,.T.);
#176=FACE_OUTER_BOUND('',#276,.T.);
#177=FACE_OUTER_BOUND('',#278,.T.);
#178=FACE_OUTER_BOUND('',#279,.T.);
#179=FACE_OUTER_BOUND('',#280,.T.);
#180=FACE_OUTER_BOUND('',#281,.T.);
#181=FACE_OUTER_BOUND('',#282,.T.);
#182=FACE_OUTER_BOUND('',#283,.T.);
#183=FACE_OUTER_BOUND('',#284,.T.);
#184=FACE_OUTER_BOUND('',#285,.T.);
#185=FACE_OUTER_BOUND('',#286,.T.);
#186=FACE_OUTER_BOUND('',#287,.T.);
#187=FACE_OUTER_BOUND('',#288,.T.);
#188=FACE_OUTER_BOUND('',#289,.T.);
#189=FACE_OUTER_BOUND('',#290,.T.);
#190=FACE_OUTER_BOUND('',#291,.T.);
#191=FACE_OUTER_BOUND('',#292,.T.);
#192=FACE_OUTER_BOUND('',#293,.T.);
#193=FACE_OUTER_BOUND('',#294,.T.);
#194=FACE_OUTER_BOUND('',#295,.T.);
#195=FACE_OUTER_BOUND('',#296,.T.);
#196=FACE_OUTER_BOUND('',#297,.T.);
#197=FACE_OUTER_BOUND('',#298,.T.);
#198=FACE_OUTER_BOUND('',#299,.T.);
#199=FACE_OUTER_BOUND('',#300,.T.);
#200=FACE_OUTER_BOUND('',#301,.T.);
#201=FACE_OUTER_BOUND('',#302,.T.);
#202=FACE_OUTER_BOUND('',#303,.T.);
#203=FACE_OUTER_BOUND('',#304,.T.);
#204=FACE_OUTER_BOUND('',#305,.T.);
#205=FACE_OUTER_BOUND('',#307,.T.);
#206=FACE_OUTER_BOUND('',#308,.T.);
#207=FACE_OUTER_BOUND('',#309,.T.);
#208=FACE_OUTER_BOUND('',#310,.T.);
#209=FACE_OUTER_BOUND('',#316,.T.);
#210=FACE_OUTER_BOUND('',#317,.T.);
#211=FACE_OUTER_BOUND('',#318,.T.);
#212=FACE_OUTER_BOUND('',#319,.T.);
#213=FACE_OUTER_BOUND('',#320,.T.);
#214=FACE_OUTER_BOUND('',#321,.T.);
#215=FACE_OUTER_BOUND('',#322,.T.);
#216=FACE_OUTER_BOUND('',#323,.T.);
#217=FACE_OUTER_BOUND('',#324,.T.);
#218=FACE_OUTER_BOUND('',#325,.T.);
#219=FACE_OUTER_BOUND('',#326,.T.);
#220=FACE_OUTER_BOUND('',#327,.T.);
#221=FACE_OUTER_BOUND('',#331,.T.);
#222=FACE_OUTER_BOUND('',#332,.T.);
#223=EDGE_LOOP('',(#1133,#1134,#1135,#1136));
#224=EDGE_LOOP('',(#1137,#1138,#1139,#1140));
#225=EDGE_LOOP('',(#1141,#1142,#1143,#1144));
#226=EDGE_LOOP('',(#1145,#1146,#1147,#1148));
#227=EDGE_LOOP('',(#1149,#1150,#1151,#1152));
#228=EDGE_LOOP('',(#1153,#1154,#1155,#1156));
#229=EDGE_LOOP('',(#1157,#1158,#1159,#1160));
#230=EDGE_LOOP('',(#1161,#1162,#1163,#1164));
#231=EDGE_LOOP('',(#1165,#1166,#1167,#1168));
#232=EDGE_LOOP('',(#1169,#1170,#1171,#1172));
#233=EDGE_LOOP('',(#1173,#1174,#1175,#1176));
#234=EDGE_LOOP('',(#1177,#1178,#1179,#1180));
#235=EDGE_LOOP('',(#1181,#1182,#1183,#1184));
#236=EDGE_LOOP('',(#1185,#1186,#1187,#1188));
#237=EDGE_LOOP('',(#1189,#1190,#1191,#1192));
#238=EDGE_LOOP('',(#1193,#1194,#1195,#1196));
#239=EDGE_LOOP('',(#1197,#1198,#1199,#1200));
#240=EDGE_LOOP('',(#1201,#1202,#1203,#1204));
#241=EDGE_LOOP('',(#1205,#1206,#1207,#1208));
#242=EDGE_LOOP('',(#1209,#1210,#1211,#1212));
#243=EDGE_LOOP('',(#1213,#1214,#1215,#1216));
#244=EDGE_LOOP('',(#1217,#1218,#1219,#1220));
#245=EDGE_LOOP('',(#1221,#1222,#1223,#1224));
#246=EDGE_LOOP('',(#1225,#1226,#1227,#1228));
#247=EDGE_LOOP('',(#1229,#1230,#1231,#1232));
#248=EDGE_LOOP('',(#1233,#1234,#1235,#1236));
#249=EDGE_LOOP('',(#1237,#1238,#1239,#1240));
#250=EDGE_LOOP('',(#1241,#1242,#1243,#1244));
#251=EDGE_LOOP('',(#1245,#1246,#1247,#1248));
#252=EDGE_LOOP('',(#1249,#1250,#1251,#1252));
#253=EDGE_LOOP('',(#1253,#1254,#1255,#1256));
#254=EDGE_LOOP('',(#1257,#1258,#1259,#1260));
#255=EDGE_LOOP('',(#1261,#1262,#1263,#1264));
#256=EDGE_LOOP('',(#1265,#1266,#1267,#1268));
#257=EDGE_LOOP('',(#1269,#1270,#1271,#1272));
#258=EDGE_LOOP('',(#1273,#1274,#1275,#1276,#1277,#1278,#1279,#1280,#1281,
#1282,#1283,#1284,#1285,#1286,#1287,#1288,#1289,#1290,#1291,#1292,#1293,
#1294,#1295,#1296,#1297,#1298,#1299,#1300,#1301,#1302,#1303,#1304,#1305,
#1306,#1307));
#259=EDGE_LOOP('',(#1308,#1309,#1310,#1311));
#260=EDGE_LOOP('',(#1312,#1313,#1314,#1315));
#261=EDGE_LOOP('',(#1316,#1317,#1318,#1319));
#262=EDGE_LOOP('',(#1320,#1321,#1322,#1323));
#263=EDGE_LOOP('',(#1324,#1325,#1326,#1327));
#264=EDGE_LOOP('',(#1328,#1329,#1330,#1331));
#265=EDGE_LOOP('',(#1332,#1333,#1334,#1335));
#266=EDGE_LOOP('',(#1336,#1337,#1338,#1339));
#267=EDGE_LOOP('',(#1340,#1341,#1342,#1343));
#268=EDGE_LOOP('',(#1344,#1345,#1346,#1347));
#269=EDGE_LOOP('',(#1348,#1349,#1350,#1351));
#270=EDGE_LOOP('',(#1352,#1353,#1354,#1355));
#271=EDGE_LOOP('',(#1356,#1357,#1358,#1359));
#272=EDGE_LOOP('',(#1360,#1361,#1362,#1363));
#273=EDGE_LOOP('',(#1364,#1365,#1366,#1367,#1368,#1369,#1370,#1371,#1372));
#274=EDGE_LOOP('',(#1373,#1374,#1375,#1376));
#275=EDGE_LOOP('',(#1377,#1378,#1379,#1380,#1381,#1382,#1383));
#276=EDGE_LOOP('',(#1384,#1385,#1386,#1387,#1388,#1389,#1390,#1391));
#277=EDGE_LOOP('',(#1392,#1393));
#278=EDGE_LOOP('',(#1394,#1395,#1396));
#279=EDGE_LOOP('',(#1397,#1398,#1399));
#280=EDGE_LOOP('',(#1400,#1401,#1402,#1403,#1404,#1405));
#281=EDGE_LOOP('',(#1406,#1407,#1408,#1409));
#282=EDGE_LOOP('',(#1410,#1411,#1412,#1413,#1414,#1415,#1416));
#283=EDGE_LOOP('',(#1417,#1418,#1419,#1420));
#284=EDGE_LOOP('',(#1421,#1422,#1423,#1424));
#285=EDGE_LOOP('',(#1425,#1426,#1427,#1428,#1429,#1430));
#286=EDGE_LOOP('',(#1431,#1432,#1433,#1434));
#287=EDGE_LOOP('',(#1435,#1436,#1437,#1438,#1439,#1440,#1441));
#288=EDGE_LOOP('',(#1442,#1443,#1444,#1445));
#289=EDGE_LOOP('',(#1446,#1447,#1448,#1449));
#290=EDGE_LOOP('',(#1450,#1451,#1452,#1453,#1454));
#291=EDGE_LOOP('',(#1455,#1456,#1457,#1458));
#292=EDGE_LOOP('',(#1459,#1460,#1461,#1462));
#293=EDGE_LOOP('',(#1463,#1464,#1465,#1466));
#294=EDGE_LOOP('',(#1467));
#295=EDGE_LOOP('',(#1468,#1469,#1470,#1471));
#296=EDGE_LOOP('',(#1472));
#297=EDGE_LOOP('',(#1473,#1474,#1475,#1476));
#298=EDGE_LOOP('',(#1477));
#299=EDGE_LOOP('',(#1478,#1479,#1480,#1481));
#300=EDGE_LOOP('',(#1482));
#301=EDGE_LOOP('',(#1483,#1484,#1485,#1486));
#302=EDGE_LOOP('',(#1487,#1488,#1489,#1490));
#303=EDGE_LOOP('',(#1491,#1492,#1493,#1494));
#304=EDGE_LOOP('',(#1495,#1496,#1497,#1498));
#305=EDGE_LOOP('',(#1499,#1500,#1501,#1502));
#306=EDGE_LOOP('',(#1503));
#307=EDGE_LOOP('',(#1504,#1505,#1506,#1507));
#308=EDGE_LOOP('',(#1508,#1509,#1510,#1511,#1512));
#309=EDGE_LOOP('',(#1513,#1514,#1515,#1516));
#310=EDGE_LOOP('',(#1517,#1518,#1519,#1520));
#311=EDGE_LOOP('',(#1521));
#312=EDGE_LOOP('',(#1522));
#313=EDGE_LOOP('',(#1523));
#314=EDGE_LOOP('',(#1524));
#315=EDGE_LOOP('',(#1525,#1526,#1527,#1528));
#316=EDGE_LOOP('',(#1529,#1530,#1531,#1532));
#317=EDGE_LOOP('',(#1533,#1534,#1535,#1536,#1537));
#318=EDGE_LOOP('',(#1538,#1539,#1540,#1541,#1542));
#319=EDGE_LOOP('',(#1543,#1544,#1545,#1546,#1547));
#320=EDGE_LOOP('',(#1548,#1549,#1550,#1551));
#321=EDGE_LOOP('',(#1552));
#322=EDGE_LOOP('',(#1553,#1554,#1555,#1556));
#323=EDGE_LOOP('',(#1557));
#324=EDGE_LOOP('',(#1558,#1559,#1560,#1561));
#325=EDGE_LOOP('',(#1562,#1563,#1564,#1565));
#326=EDGE_LOOP('',(#1566,#1567,#1568,#1569));
#327=EDGE_LOOP('',(#1570,#1571,#1572,#1573));
#328=EDGE_LOOP('',(#1574,#1575,#1576,#1577));
#329=EDGE_LOOP('',(#1578));
#330=EDGE_LOOP('',(#1579));
#331=EDGE_LOOP('',(#1580,#1581,#1582,#1583));
#332=EDGE_LOOP('',(#1584,#1585,#1586,#1587,#1588,#1589));
#333=EDGE_LOOP('',(#1590,#1591,#1592,#1593,#1594,#1595,#1596,#1597,#1598,
#1599,#1600,#1601,#1602,#1603,#1604,#1605,#1606,#1607,#1608,#1609,#1610,
#1611,#1612,#1613,#1614,#1615,#1616,#1617,#1618,#1619,#1620,#1621,#1622,
#1623,#1624));
#334=EDGE_LOOP('',(#1625,#1626,#1627,#1628));
#335=EDGE_LOOP('',(#1629,#1630,#1631,#1632,#1633,#1634,#1635,#1636,#1637));
#336=EDGE_LOOP('',(#1638));
#337=LINE('',#2245,#491);
#338=LINE('',#2252,#492);
#339=LINE('',#2270,#493);
#340=LINE('',#2293,#494);
#341=LINE('',#2316,#495);
#342=LINE('',#2339,#496);
#343=LINE('',#2362,#497);
#344=LINE('',#2385,#498);
#345=LINE('',#2408,#499);
#346=LINE('',#2431,#500);
#347=LINE('',#2454,#501);
#348=LINE('',#2477,#502);
#349=LINE('',#2500,#503);
#350=LINE('',#2523,#504);
#351=LINE('',#2546,#505);
#352=LINE('',#2554,#506);
#353=LINE('',#2556,#507);
#354=LINE('',#2557,#508);
#355=LINE('',#2575,#509);
#356=LINE('',#2598,#510);
#357=LINE('',#2621,#511);
#358=LINE('',#2644,#512);
#359=LINE('',#2667,#513);
#360=LINE('',#2690,#514);
#361=LINE('',#2713,#515);
#362=LINE('',#2736,#516);
#363=LINE('',#2759,#517);
#364=LINE('',#2782,#518);
#365=LINE('',#2805,#519);
#366=LINE('',#2828,#520);
#367=LINE('',#2851,#521);
#368=LINE('',#2874,#522);
#369=LINE('',#2897,#523);
#370=LINE('',#2920,#524);
#371=LINE('',#2943,#525);
#372=LINE('',#2966,#526);
#373=LINE('',#2974,#527);
#374=LINE('',#2976,#528);
#375=LINE('',#2977,#529);
#376=LINE('',#3002,#530);
#377=LINE('',#3004,#531);
#378=LINE('',#3006,#532);
#379=LINE('',#3007,#533);
#380=LINE('',#3010,#534);
#381=LINE('',#3012,#535);
#382=LINE('',#3013,#536);
#383=LINE('',#3016,#537);
#384=LINE('',#3018,#538);
#385=LINE('',#3019,#539);
#386=LINE('',#3021,#540);
#387=LINE('',#3022,#541);
#388=LINE('',#3027,#542);
#389=LINE('',#3029,#543);
#390=LINE('',#3031,#544);
#391=LINE('',#3032,#545);
#392=LINE('',#3035,#546);
#393=LINE('',#3037,#547);
#394=LINE('',#3038,#548);
#395=LINE('',#3041,#549);
#396=LINE('',#3043,#550);
#397=LINE('',#3044,#551);
#398=LINE('',#3062,#552);
#399=LINE('',#3085,#553);
#400=LINE('',#3093,#554);
#401=LINE('',#3095,#555);
#402=LINE('',#3096,#556);
#403=LINE('',#3099,#557);
#404=LINE('',#3101,#558);
#405=LINE('',#3102,#559);
#406=LINE('',#3105,#560);
#407=LINE('',#3107,#561);
#408=LINE('',#3108,#562);
#409=LINE('',#3110,#563);
#410=LINE('',#3111,#564);
#411=LINE('',#3118,#565);
#412=LINE('',#3121,#566);
#413=LINE('',#3134,#567);
#414=LINE('',#3136,#568);
#415=LINE('',#3140,#569);
#416=LINE('',#3142,#570);
#417=LINE('',#3144,#571);
#418=LINE('',#3146,#572);
#419=LINE('',#3147,#573);
#420=LINE('',#3150,#574);
#421=LINE('',#3151,#575);
#422=LINE('',#3154,#576);
#423=LINE('',#3155,#577);
#424=LINE('',#3158,#578);
#425=LINE('',#3160,#579);
#426=LINE('',#3161,#580);
#427=LINE('',#3165,#581);
#428=LINE('',#3167,#582);
#429=LINE('',#3169,#583);
#430=LINE('',#3170,#584);
#431=LINE('',#3173,#585);
#432=LINE('',#3174,#586);
#433=LINE('',#3176,#587);
#434=LINE('',#3178,#588);
#435=LINE('',#3179,#589);
#436=LINE('',#3183,#590);
#437=LINE('',#3185,#591);
#438=LINE('',#3187,#592);
#439=LINE('',#3188,#593);
#440=LINE('',#3191,#594);
#441=LINE('',#3193,#595);
#442=LINE('',#3194,#596);
#443=LINE('',#3197,#597);
#444=LINE('',#3201,#598);
#445=LINE('',#3204,#599);
#446=LINE('',#3206,#600);
#447=LINE('',#3207,#601);
#448=LINE('',#3210,#602);
#449=LINE('',#3211,#603);
#450=LINE('',#3214,#604);
#451=LINE('',#3215,#605);
#452=LINE('',#3218,#606);
#453=LINE('',#3220,#607);
#454=LINE('',#3221,#608);
#455=LINE('',#3231,#609);
#456=LINE('',#3238,#610);
#457=LINE('',#3245,#611);
#458=LINE('',#3252,#612);
#459=LINE('',#3258,#613);
#460=LINE('',#3260,#614);
#461=LINE('',#3262,#615);
#462=LINE('',#3263,#616);
#463=LINE('',#3267,#617);
#464=LINE('',#3268,#618);
#465=LINE('',#3269,#619);
#466=LINE('',#3272,#620);
#467=LINE('',#3274,#621);
#468=LINE('',#3275,#622);
#469=LINE('',#3277,#623);
#470=LINE('',#3278,#624);
#471=LINE('',#3284,#625);
#472=LINE('',#3288,#626);
#473=LINE('',#3289,#627);
#474=LINE('',#3291,#628);
#475=LINE('',#3296,#629);
#476=LINE('',#3297,#630);
#477=LINE('',#3298,#631);
#478=LINE('',#3301,#632);
#479=LINE('',#3302,#633);
#480=LINE('',#3305,#634);
#481=LINE('',#3306,#635);
#482=LINE('',#3308,#636);
#483=LINE('',#3313,#637);
#484=LINE('',#3320,#638);
#485=LINE('',#3325,#639);
#486=LINE('',#3327,#640);
#487=LINE('',#3328,#641);
#488=LINE('',#3330,#642);
#489=LINE('',#3331,#643);
#490=LINE('',#3338,#644);
#491=VECTOR('',#1884,10.);
#492=VECTOR('',#1885,10.);
#493=VECTOR('',#1886,10.);
#494=VECTOR('',#1887,10.);
#495=VECTOR('',#1888,10.);
#496=VECTOR('',#1889,10.);
#497=VECTOR('',#1890,10.);
#498=VECTOR('',#1891,10.);
#499=VECTOR('',#1892,10.);
#500=VECTOR('',#1893,10.);
#501=VECTOR('',#1894,10.);
#502=VECTOR('',#1895,10.);
#503=VECTOR('',#1896,10.);
#504=VECTOR('',#1897,10.);
#505=VECTOR('',#1898,10.);
#506=VECTOR('',#1901,10.);
#507=VECTOR('',#1902,10.);
#508=VECTOR('',#1903,10.);
#509=VECTOR('',#1904,10.);
#510=VECTOR('',#1905,10.);
#511=VECTOR('',#1906,10.);
#512=VECTOR('',#1907,10.);
#513=VECTOR('',#1908,10.);
#514=VECTOR('',#1909,10.);
#515=VECTOR('',#1910,10.);
#516=VECTOR('',#1911,10.);
#517=VECTOR('',#1912,10.);
#518=VECTOR('',#1913,10.);
#519=VECTOR('',#1914,10.);
#520=VECTOR('',#1915,10.);
#521=VECTOR('',#1916,10.);
#522=VECTOR('',#1917,10.);
#523=VECTOR('',#1918,10.);
#524=VECTOR('',#1919,10.);
#525=VECTOR('',#1920,10.);
#526=VECTOR('',#1921,10.);
#527=VECTOR('',#1924,10.);
#528=VECTOR('',#1925,10.);
#529=VECTOR('',#1926,10.);
#530=VECTOR('',#1931,10.);
#531=VECTOR('',#1932,10.);
#532=VECTOR('',#1933,10.);
#533=VECTOR('',#1934,10.);
#534=VECTOR('',#1937,10.);
#535=VECTOR('',#1938,10.);
#536=VECTOR('',#1939,10.);
#537=VECTOR('',#1942,10.);
#538=VECTOR('',#1943,10.);
#539=VECTOR('',#1944,10.);
#540=VECTOR('',#1947,10.);
#541=VECTOR('',#1948,10.);
#542=VECTOR('',#1953,10.);
#543=VECTOR('',#1954,10.);
#544=VECTOR('',#1955,10.);
#545=VECTOR('',#1956,10.);
#546=VECTOR('',#1959,10.);
#547=VECTOR('',#1960,10.);
#548=VECTOR('',#1961,10.);
#549=VECTOR('',#1964,10.);
#550=VECTOR('',#1965,10.);
#551=VECTOR('',#1966,10.);
#552=VECTOR('',#1967,10.);
#553=VECTOR('',#1968,10.);
#554=VECTOR('',#1971,10.);
#555=VECTOR('',#1972,10.);
#556=VECTOR('',#1973,10.);
#557=VECTOR('',#1976,10.);
#558=VECTOR('',#1977,10.);
#559=VECTOR('',#1978,10.);
#560=VECTOR('',#1981,10.);
#561=VECTOR('',#1982,10.);
#562=VECTOR('',#1983,10.);
#563=VECTOR('',#1986,10.);
#564=VECTOR('',#1987,10.);
#565=VECTOR('',#1994,10.);
#566=VECTOR('',#1997,10.);
#567=VECTOR('',#2012,10.);
#568=VECTOR('',#2013,10.);
#569=VECTOR('',#2016,10.);
#570=VECTOR('',#2017,10.);
#571=VECTOR('',#2018,10.);
#572=VECTOR('',#2019,10.);
#573=VECTOR('',#2020,10.);
#574=VECTOR('',#2023,10.);
#575=VECTOR('',#2024,10.);
#576=VECTOR('',#2027,10.);
#577=VECTOR('',#2028,10.);
#578=VECTOR('',#2031,10.);
#579=VECTOR('',#2032,10.);
#580=VECTOR('',#2033,10.);
#581=VECTOR('',#2036,10.);
#582=VECTOR('',#2037,10.);
#583=VECTOR('',#2038,10.);
#584=VECTOR('',#2039,10.);
#585=VECTOR('',#2042,10.);
#586=VECTOR('',#2043,10.);
#587=VECTOR('',#2044,10.);
#588=VECTOR('',#2045,10.);
#589=VECTOR('',#2046,10.);
#590=VECTOR('',#2049,10.);
#591=VECTOR('',#2050,10.);
#592=VECTOR('',#2051,10.);
#593=VECTOR('',#2052,10.);
#594=VECTOR('',#2055,10.);
#595=VECTOR('',#2056,10.);
#596=VECTOR('',#2057,10.);
#597=VECTOR('',#2060,10.);
#598=VECTOR('',#2067,10.);
#599=VECTOR('',#2070,10.);
#600=VECTOR('',#2071,10.);
#601=VECTOR('',#2072,10.);
#602=VECTOR('',#2075,10.);
#603=VECTOR('',#2076,10.);
#604=VECTOR('',#2079,10.);
#605=VECTOR('',#2080,10.);
#606=VECTOR('',#2083,10.);
#607=VECTOR('',#2084,10.);
#608=VECTOR('',#2085,10.);
#609=VECTOR('',#2100,1.3);
#610=VECTOR('',#2109,1.3);
#611=VECTOR('',#2118,1.3);
#612=VECTOR('',#2127,1.3);
#613=VECTOR('',#2134,10.);
#614=VECTOR('',#2135,10.);
#615=VECTOR('',#2136,10.);
#616=VECTOR('',#2137,10.);
#617=VECTOR('',#2140,10.);
#618=VECTOR('',#2141,10.);
#619=VECTOR('',#2142,10.);
#620=VECTOR('',#2145,10.);
#621=VECTOR('',#2146,10.);
#622=VECTOR('',#2147,10.);
#623=VECTOR('',#2150,10.);
#624=VECTOR('',#2151,10.);
#625=VECTOR('',#2158,10.);
#626=VECTOR('',#2163,10.);
#627=VECTOR('',#2164,10.);
#628=VECTOR('',#2167,10.);
#629=VECTOR('',#2172,10.);
#630=VECTOR('',#2173,10.);
#631=VECTOR('',#2174,10.);
#632=VECTOR('',#2177,10.);
#633=VECTOR('',#2178,10.);
#634=VECTOR('',#2181,10.);
#635=VECTOR('',#2182,10.);
#636=VECTOR('',#2185,10.);
#637=VECTOR('',#2190,0.999999999999996);
#638=VECTOR('',#2199,1.00000000000001);
#639=VECTOR('',#2206,10.);
#640=VECTOR('',#2207,10.);
#641=VECTOR('',#2208,10.);
#642=VECTOR('',#2211,10.);
#643=VECTOR('',#2212,10.);
#644=VECTOR('',#2223,9.);
#645=B_SPLINE_CURVE_WITH_KNOTS('',3,(#2239,#2240,#2241,#2242,#2243),
 .UNSPECIFIED.,.F.,.F.,(4,1,4),(0.,0.0956789332345534,0.188857512654499),
 .UNSPECIFIED.);
#646=B_SPLINE_CURVE_WITH_KNOTS('',3,(#2247,#2248,#2249,#2250,#2251),
 .UNSPECIFIED.,.F.,.F.,(4,1,4),(0.,0.0956789332345534,0.188857512654499),
 .UNSPECIFIED.);
#647=B_SPLINE_CURVE_WITH_KNOTS('',3,(#2264,#2265,#2266,#2267,#2268),
 .UNSPECIFIED.,.F.,.F.,(4,1,4),(0.,0.125135685720191,0.232080106266781),
 .UNSPECIFIED.);
#648=B_SPLINE_CURVE_WITH_KNOTS('',3,(#2271,#2272,#2273,#2274,#2275),
 .UNSPECIFIED.,.F.,.F.,(4,1,4),(0.,0.125135685720191,0.232080106266781),
 .UNSPECIFIED.);
#649=B_SPLINE_CURVE_WITH_KNOTS('',3,(#2287,#2288,#2289,#2290,#2291),
 .UNSPECIFIED.,.F.,.F.,(4,1,4),(0.,0.0956166544077865,0.197810407694719),
 .UNSPECIFIED.);
#650=B_SPLINE_CURVE_WITH_KNOTS('',3,(#2294,#2295,#2296,#2297,#2298),
 .UNSPECIFIED.,.F.,.F.,(4,1,4),(0.,0.0956166544077865,0.197810407694719),
 .UNSPECIFIED.);
#651=B_SPLINE_CURVE_WITH_KNOTS('',3,(#2310,#2311,#2312,#2313,#2314),
 .UNSPECIFIED.,.F.,.F.,(4,1,4),(0.,0.0838953339399632,0.172975798344928),
 .UNSPECIFIED.);
#652=B_SPLINE_CURVE_WITH_KNOTS('',3,(#2317,#2318,#2319,#2320,#2321),
 .UNSPECIFIED.,.F.,.F.,(4,1,4),(0.,0.0838953339399632,0.172975798344928),
 .UNSPECIFIED.);
#653=B_SPLINE_CURVE_WITH_KNOTS('',3,(#2333,#2334,#2335,#2336,#2337),
 .UNSPECIFIED.,.F.,.F.,(4,1,4),(0.,0.0783443870492807,0.158902912672177),
 .UNSPECIFIED.);
#654=B_SPLINE_CURVE_WITH_KNOTS('',3,(#2340,#2341,#2342,#2343,#2344),
 .UNSPECIFIED.,.F.,.F.,(4,1,4),(0.,0.0783443870492807,0.158902912672177),
 .UNSPECIFIED.);
#655=B_SPLINE_CURVE_WITH_KNOTS('',3,(#2356,#2357,#2358,#2359,#2360),
 .UNSPECIFIED.,.F.,.F.,(4,1,4),(0.,0.0733881781817096,0.14989999985924),
 .UNSPECIFIED.);
#656=B_SPLINE_CURVE_WITH_KNOTS('',3,(#2363,#2364,#2365,#2366,#2367),
 .UNSPECIFIED.,.F.,.F.,(4,1,4),(0.,0.0733881781817096,0.14989999985924),
 .UNSPECIFIED.);
#657=B_SPLINE_CURVE_WITH_KNOTS('',3,(#2379,#2380,#2381,#2382,#2383),
 .UNSPECIFIED.,.F.,.F.,(4,1,4),(0.,0.0885422900725507,0.165932912165992),
 .UNSPECIFIED.);
#658=B_SPLINE_CURVE_WITH_KNOTS('',3,(#2386,#2387,#2388,#2389,#2390),
 .UNSPECIFIED.,.F.,.F.,(4,1,4),(0.,0.0885422900725507,0.165932912165992),
 .UNSPECIFIED.);
#659=B_SPLINE_CURVE_WITH_KNOTS('',3,(#2402,#2403,#2404,#2405,#2406),
 .UNSPECIFIED.,.F.,.F.,(4,1,4),(0.,0.140231442200433,0.230565707119465),
 .UNSPECIFIED.);
#660=B_SPLINE_CURVE_WITH_KNOTS('',3,(#2409,#2410,#2411,#2412,#2413),
 .UNSPECIFIED.,.F.,.F.,(4,1,4),(0.,0.140231442200433,0.230565707119465),
 .UNSPECIFIED.);
#661=B_SPLINE_CURVE_WITH_KNOTS('',3,(#2425,#2426,#2427,#2428,#2429),
 .UNSPECIFIED.,.F.,.F.,(4,1,4),(0.,0.0774490773667732,0.212882271059074),
 .UNSPECIFIED.);
#662=B_SPLINE_CURVE_WITH_KNOTS('',3,(#2432,#2433,#2434,#2435,#2436),
 .UNSPECIFIED.,.F.,.F.,(4,1,4),(0.,0.0774490773667732,0.212882271059074),
 .UNSPECIFIED.);
#663=B_SPLINE_CURVE_WITH_KNOTS('',3,(#2448,#2449,#2450,#2451,#2452),
 .UNSPECIFIED.,.F.,.F.,(4,1,4),(0.,0.0500658233076409,0.0992148471462806),
 .UNSPECIFIED.);
#664=B_SPLINE_CURVE_WITH_KNOTS('',3,(#2455,#2456,#2457,#2458,#2459),
 .UNSPECIFIED.,.F.,.F.,(4,1,4),(0.,0.0500658233076409,0.0992148471462806),
 .UNSPECIFIED.);
#665=B_SPLINE_CURVE_WITH_KNOTS('',3,(#2471,#2472,#2473,#2474,#2475),
 .UNSPECIFIED.,.F.,.F.,(4,1,4),(0.,0.0636389261173563,0.12280812819889),
 .UNSPECIFIED.);
#666=B_SPLINE_CURVE_WITH_KNOTS('',3,(#2478,#2479,#2480,#2481,#2482),
 .UNSPECIFIED.,.F.,.F.,(4,1,4),(0.,0.0636389261173563,0.12280812819889),
 .UNSPECIFIED.);
#667=B_SPLINE_CURVE_WITH_KNOTS('',3,(#2494,#2495,#2496,#2497,#2498),
 .UNSPECIFIED.,.F.,.F.,(4,1,4),(0.,0.10435015206108,0.182822333409582),
 .UNSPECIFIED.);
#668=B_SPLINE_CURVE_WITH_KNOTS('',3,(#2501,#2502,#2503,#2504,#2505),
 .UNSPECIFIED.,.F.,.F.,(4,1,4),(0.,0.10435015206108,0.182822333409582),
 .UNSPECIFIED.);
#669=B_SPLINE_CURVE_WITH_KNOTS('',3,(#2517,#2518,#2519,#2520,#2521),
 .UNSPECIFIED.,.F.,.F.,(4,1,4),(0.,0.0816031116908631,0.183535358505528),
 .UNSPECIFIED.);
#670=B_SPLINE_CURVE_WITH_KNOTS('',3,(#2524,#2525,#2526,#2527,#2528),
 .UNSPECIFIED.,.F.,.F.,(4,1,4),(0.,0.0816031116908631,0.183535358505528),
 .UNSPECIFIED.);
#671=B_SPLINE_CURVE_WITH_KNOTS('',3,(#2540,#2541,#2542,#2543,#2544),
 .UNSPECIFIED.,.F.,.F.,(4,1,4),(0.,0.0861880936234744,0.162310076937512),
 .UNSPECIFIED.);
#672=B_SPLINE_CURVE_WITH_KNOTS('',3,(#2547,#2548,#2549,#2550,#2551),
 .UNSPECIFIED.,.F.,.F.,(4,1,4),(0.,0.0861880936234744,0.162310076937512),
 .UNSPECIFIED.);
#673=B_SPLINE_CURVE_WITH_KNOTS('',3,(#2569,#2570,#2571,#2572,#2573),
 .UNSPECIFIED.,.F.,.F.,(4,1,4),(0.,0.082079051829504,0.16663350865293),
 .UNSPECIFIED.);
#674=B_SPLINE_CURVE_WITH_KNOTS('',3,(#2576,#2577,#2578,#2579,#2580),
 .UNSPECIFIED.,.F.,.F.,(4,1,4),(0.,0.082079051829504,0.16663350865293),
 .UNSPECIFIED.);
#675=B_SPLINE_CURVE_WITH_KNOTS('',3,(#2592,#2593,#2594,#2595,#2596),
 .UNSPECIFIED.,.F.,.F.,(4,1,4),(0.,0.0871852690286734,0.169760903953229),
 .UNSPECIFIED.);
#676=B_SPLINE_CURVE_WITH_KNOTS('',3,(#2599,#2600,#2601,#2602,#2603),
 .UNSPECIFIED.,.F.,.F.,(4,1,4),(0.,0.0871852690286734,0.169760903953229),
 .UNSPECIFIED.);
#677=B_SPLINE_CURVE_WITH_KNOTS('',3,(#2615,#2616,#2617,#2618,#2619),
 .UNSPECIFIED.,.F.,.F.,(4,1,4),(0.,0.10500378186879,0.200355052236041),
 .UNSPECIFIED.);
#678=B_SPLINE_CURVE_WITH_KNOTS('',3,(#2622,#2623,#2624,#2625,#2626),
 .UNSPECIFIED.,.F.,.F.,(4,1,4),(0.,0.10500378186879,0.200355052236041),
 .UNSPECIFIED.);
#679=B_SPLINE_CURVE_WITH_KNOTS('',3,(#2638,#2639,#2640,#2641,#2642),
 .UNSPECIFIED.,.F.,.F.,(4,1,4),(0.,0.0908187765500606,0.18754599550452),
 .UNSPECIFIED.);
#680=B_SPLINE_CURVE_WITH_KNOTS('',3,(#2645,#2646,#2647,#2648,#2649),
 .UNSPECIFIED.,.F.,.F.,(4,1,4),(0.,0.0908187765500606,0.18754599550452),
 .UNSPECIFIED.);
#681=B_SPLINE_CURVE_WITH_KNOTS('',3,(#2661,#2662,#2663,#2664,#2665),
 .UNSPECIFIED.,.F.,.F.,(4,1,4),(0.,0.0784003304665297,0.16233227409106),
 .UNSPECIFIED.);
#682=B_SPLINE_CURVE_WITH_KNOTS('',3,(#2668,#2669,#2670,#2671,#2672),
 .UNSPECIFIED.,.F.,.F.,(4,1,4),(0.,0.0784003304665297,0.16233227409106),
 .UNSPECIFIED.);
#683=B_SPLINE_CURVE_WITH_KNOTS('',3,(#2684,#2685,#2686,#2687,#2688),
 .UNSPECIFIED.,.F.,.F.,(4,1,4),(0.,0.0740272025235336,0.149548245104797),
 .UNSPECIFIED.);
#684=B_SPLINE_CURVE_WITH_KNOTS('',3,(#2691,#2692,#2693,#2694,#2695),
 .UNSPECIFIED.,.F.,.F.,(4,1,4),(0.,0.0740272025235336,0.149548245104797),
 .UNSPECIFIED.);
#685=B_SPLINE_CURVE_WITH_KNOTS('',3,(#2707,#2708,#2709,#2710,#2711),
 .UNSPECIFIED.,.F.,.F.,(4,1,4),(0.,0.0645414736921776,0.130696654163142),
 .UNSPECIFIED.);
#686=B_SPLINE_CURVE_WITH_KNOTS('',3,(#2714,#2715,#2716,#2717,#2718),
 .UNSPECIFIED.,.F.,.F.,(4,1,4),(0.,0.0645414736921776,0.130696654163142),
 .UNSPECIFIED.);
#687=B_SPLINE_CURVE_WITH_KNOTS('',3,(#2730,#2731,#2732,#2733,#2734),
 .UNSPECIFIED.,.F.,.F.,(4,1,4),(0.,0.0753214436412462,0.142900267346061),
 .UNSPECIFIED.);
#688=B_SPLINE_CURVE_WITH_KNOTS('',3,(#2737,#2738,#2739,#2740,#2741),
 .UNSPECIFIED.,.F.,.F.,(4,1,4),(0.,0.0753214436412462,0.142900267346061),
 .UNSPECIFIED.);
#689=B_SPLINE_CURVE_WITH_KNOTS('',3,(#2753,#2754,#2755,#2756,#2757),
 .UNSPECIFIED.,.F.,.F.,(4,1,4),(0.,0.121485591167769,0.203186497456345),
 .UNSPECIFIED.);
#690=B_SPLINE_CURVE_WITH_KNOTS('',3,(#2760,#2761,#2762,#2763,#2764),
 .UNSPECIFIED.,.F.,.F.,(4,1,4),(0.,0.121485591167769,0.203186497456345),
 .UNSPECIFIED.);
#691=B_SPLINE_CURVE_WITH_KNOTS('',3,(#2776,#2777,#2778,#2779,#2780),
 .UNSPECIFIED.,.F.,.F.,(4,1,4),(0.,0.0676664955277013,0.184654115693228),
 .UNSPECIFIED.);
#692=B_SPLINE_CURVE_WITH_KNOTS('',3,(#2783,#2784,#2785,#2786,#2787),
 .UNSPECIFIED.,.F.,.F.,(4,1,4),(0.,0.0676664955277013,0.184654115693228),
 .UNSPECIFIED.);
#693=B_SPLINE_CURVE_WITH_KNOTS('',3,(#2799,#2800,#2801,#2802,#2803),
 .UNSPECIFIED.,.F.,.F.,(4,1,4),(0.,0.0484904604479798,0.108625409671639),
 .UNSPECIFIED.);
#694=B_SPLINE_CURVE_WITH_KNOTS('',3,(#2806,#2807,#2808,#2809,#2810),
 .UNSPECIFIED.,.F.,.F.,(4,1,4),(0.,0.0484904604479798,0.108625409671639),
 .UNSPECIFIED.);
#695=B_SPLINE_CURVE_WITH_KNOTS('',3,(#2822,#2823,#2824,#2825,#2826),
 .UNSPECIFIED.,.F.,.F.,(4,1,4),(0.,0.0446072943162931,0.0878672925911131),
 .UNSPECIFIED.);
#696=B_SPLINE_CURVE_WITH_KNOTS('',3,(#2829,#2830,#2831,#2832,#2833),
 .UNSPECIFIED.,.F.,.F.,(4,1,4),(0.,0.0446072943162931,0.0878672925911131),
 .UNSPECIFIED.);
#697=B_SPLINE_CURVE_WITH_KNOTS('',3,(#2845,#2846,#2847,#2848,#2849),
 .UNSPECIFIED.,.F.,.F.,(4,1,4),(0.,0.0461825631038037,0.0913346712934387),
 .UNSPECIFIED.);
#698=B_SPLINE_CURVE_WITH_KNOTS('',3,(#2852,#2853,#2854,#2855,#2856),
 .UNSPECIFIED.,.F.,.F.,(4,1,4),(0.,0.0461825631038037,0.0913346712934387),
 .UNSPECIFIED.);
#699=B_SPLINE_CURVE_WITH_KNOTS('',3,(#2868,#2869,#2870,#2871,#2872),
 .UNSPECIFIED.,.F.,.F.,(4,1,4),(0.,0.0571740327173634,0.107218912722934),
 .UNSPECIFIED.);
#700=B_SPLINE_CURVE_WITH_KNOTS('',3,(#2875,#2876,#2877,#2878,#2879),
 .UNSPECIFIED.,.F.,.F.,(4,1,4),(0.,0.0571740327173634,0.107218912722934),
 .UNSPECIFIED.);
#701=B_SPLINE_CURVE_WITH_KNOTS('',3,(#2891,#2892,#2893,#2894,#2895),
 .UNSPECIFIED.,.F.,.F.,(4,1,4),(0.,0.0715041786668495,0.136161832468784),
 .UNSPECIFIED.);
#702=B_SPLINE_CURVE_WITH_KNOTS('',3,(#2898,#2899,#2900,#2901,#2902),
 .UNSPECIFIED.,.F.,.F.,(4,1,4),(0.,0.0715041786668495,0.136161832468784),
 .UNSPECIFIED.);
#703=B_SPLINE_CURVE_WITH_KNOTS('',3,(#2914,#2915,#2916,#2917,#2918),
 .UNSPECIFIED.,.F.,.F.,(4,1,4),(0.,0.0758158829845135,0.157157560034864),
 .UNSPECIFIED.);
#704=B_SPLINE_CURVE_WITH_KNOTS('',3,(#2921,#2922,#2923,#2924,#2925),
 .UNSPECIFIED.,.F.,.F.,(4,1,4),(0.,0.0758158829845135,0.157157560034864),
 .UNSPECIFIED.);
#705=B_SPLINE_CURVE_WITH_KNOTS('',3,(#2937,#2938,#2939,#2940,#2941),
 .UNSPECIFIED.,.F.,.F.,(4,1,4),(0.,0.0600096643542931,0.128468738880183),
 .UNSPECIFIED.);
#706=B_SPLINE_CURVE_WITH_KNOTS('',3,(#2944,#2945,#2946,#2947,#2948),
 .UNSPECIFIED.,.F.,.F.,(4,1,4),(0.,0.0600096643542931,0.128468738880183),
 .UNSPECIFIED.);
#707=B_SPLINE_CURVE_WITH_KNOTS('',3,(#2960,#2961,#2962,#2963,#2964),
 .UNSPECIFIED.,.F.,.F.,(4,1,4),(0.,0.0698728946382331,0.130775192833849),
 .UNSPECIFIED.);
#708=B_SPLINE_CURVE_WITH_KNOTS('',3,(#2967,#2968,#2969,#2970,#2971),
 .UNSPECIFIED.,.F.,.F.,(4,1,4),(0.,0.0698728946382331,0.130775192833849),
 .UNSPECIFIED.);
#709=B_SPLINE_CURVE_WITH_KNOTS('',3,(#2988,#2989,#2990,#2991,#2992),
 .UNSPECIFIED.,.F.,.F.,(4,1,4),(0.,0.0935652223288269,0.189827223855839),
 .UNSPECIFIED.);
#710=B_SPLINE_CURVE_WITH_KNOTS('',3,(#2993,#2994,#2995,#2996,#2997),
 .UNSPECIFIED.,.F.,.F.,(4,1,4),(0.,0.0935652223288269,0.189827223855839),
 .UNSPECIFIED.);
#711=B_SPLINE_CURVE_WITH_KNOTS('',3,(#3056,#3057,#3058,#3059,#3060),
 .UNSPECIFIED.,.F.,.F.,(4,1,4),(0.,0.085607990245867,0.172388690958059),
 .UNSPECIFIED.);
#712=B_SPLINE_CURVE_WITH_KNOTS('',3,(#3063,#3064,#3065,#3066,#3067),
 .UNSPECIFIED.,.F.,.F.,(4,1,4),(0.,0.085607990245867,0.172388690958059),
 .UNSPECIFIED.);
#713=B_SPLINE_CURVE_WITH_KNOTS('',3,(#3079,#3080,#3081,#3082,#3083),
 .UNSPECIFIED.,.F.,.F.,(4,1,4),(0.,0.0893590531584283,0.171960096885728),
 .UNSPECIFIED.);
#714=B_SPLINE_CURVE_WITH_KNOTS('',3,(#3086,#3087,#3088,#3089,#3090),
 .UNSPECIFIED.,.F.,.F.,(4,1,4),(0.,0.0893590531584283,0.171960096885728),
 .UNSPECIFIED.);
#715=VERTEX_POINT('',#2237);
#716=VERTEX_POINT('',#2238);
#717=VERTEX_POINT('',#2244);
#718=VERTEX_POINT('',#2246);
#719=VERTEX_POINT('',#2263);
#720=VERTEX_POINT('',#2269);
#721=VERTEX_POINT('',#2286);
#722=VERTEX_POINT('',#2292);
#723=VERTEX_POINT('',#2309);
#724=VERTEX_POINT('',#2315);
#725=VERTEX_POINT('',#2332);
#726=VERTEX_POINT('',#2338);
#727=VERTEX_POINT('',#2355);
#728=VERTEX_POINT('',#2361);
#729=VERTEX_POINT('',#2378);
#730=VERTEX_POINT('',#2384);
#731=VERTEX_POINT('',#2401);
#732=VERTEX_POINT('',#2407);
#733=VERTEX_POINT('',#2424);
#734=VERTEX_POINT('',#2430);
#735=VERTEX_POINT('',#2447);
#736=VERTEX_POINT('',#2453);
#737=VERTEX_POINT('',#2470);
#738=VERTEX_POINT('',#2476);
#739=VERTEX_POINT('',#2493);
#740=VERTEX_POINT('',#2499);
#741=VERTEX_POINT('',#2516);
#742=VERTEX_POINT('',#2522);
#743=VERTEX_POINT('',#2539);
#744=VERTEX_POINT('',#2545);
#745=VERTEX_POINT('',#2553);
#746=VERTEX_POINT('',#2555);
#747=VERTEX_POINT('',#2568);
#748=VERTEX_POINT('',#2574);
#749=VERTEX_POINT('',#2591);
#750=VERTEX_POINT('',#2597);
#751=VERTEX_POINT('',#2614);
#752=VERTEX_POINT('',#2620);
#753=VERTEX_POINT('',#2637);
#754=VERTEX_POINT('',#2643);
#755=VERTEX_POINT('',#2660);
#756=VERTEX_POINT('',#2666);
#757=VERTEX_POINT('',#2683);
#758=VERTEX_POINT('',#2689);
#759=VERTEX_POINT('',#2706);
#760=VERTEX_POINT('',#2712);
#761=VERTEX_POINT('',#2729);
#762=VERTEX_POINT('',#2735);
#763=VERTEX_POINT('',#2752);
#764=VERTEX_POINT('',#2758);
#765=VERTEX_POINT('',#2775);
#766=VERTEX_POINT('',#2781);
#767=VERTEX_POINT('',#2798);
#768=VERTEX_POINT('',#2804);
#769=VERTEX_POINT('',#2821);
#770=VERTEX_POINT('',#2827);
#771=VERTEX_POINT('',#2844);
#772=VERTEX_POINT('',#2850);
#773=VERTEX_POINT('',#2867);
#774=VERTEX_POINT('',#2873);
#775=VERTEX_POINT('',#2890);
#776=VERTEX_POINT('',#2896);
#777=VERTEX_POINT('',#2913);
#778=VERTEX_POINT('',#2919);
#779=VERTEX_POINT('',#2936);
#780=VERTEX_POINT('',#2942);
#781=VERTEX_POINT('',#2959);
#782=VERTEX_POINT('',#2965);
#783=VERTEX_POINT('',#2973);
#784=VERTEX_POINT('',#2975);
#785=VERTEX_POINT('',#3000);
#786=VERTEX_POINT('',#3001);
#787=VERTEX_POINT('',#3003);
#788=VERTEX_POINT('',#3005);
#789=VERTEX_POINT('',#3009);
#790=VERTEX_POINT('',#3011);
#791=VERTEX_POINT('',#3015);
#792=VERTEX_POINT('',#3017);
#793=VERTEX_POINT('',#3025);
#794=VERTEX_POINT('',#3026);
#795=VERTEX_POINT('',#3028);
#796=VERTEX_POINT('',#3030);
#797=VERTEX_POINT('',#3034);
#798=VERTEX_POINT('',#3036);
#799=VERTEX_POINT('',#3040);
#800=VERTEX_POINT('',#3042);
#801=VERTEX_POINT('',#3055);
#802=VERTEX_POINT('',#3061);
#803=VERTEX_POINT('',#3078);
#804=VERTEX_POINT('',#3084);
#805=VERTEX_POINT('',#3092);
#806=VERTEX_POINT('',#3094);
#807=VERTEX_POINT('',#3098);
#808=VERTEX_POINT('',#3100);
#809=VERTEX_POINT('',#3104);
#810=VERTEX_POINT('',#3106);
#811=VERTEX_POINT('',#3114);
#812=VERTEX_POINT('',#3115);
#813=VERTEX_POINT('',#3117);
#814=VERTEX_POINT('',#3119);
#815=VERTEX_POINT('',#3124);
#816=VERTEX_POINT('',#3126);
#817=VERTEX_POINT('',#3128);
#818=VERTEX_POINT('',#3132);
#819=VERTEX_POINT('',#3133);
#820=VERTEX_POINT('',#3135);
#821=VERTEX_POINT('',#3137);
#822=VERTEX_POINT('',#3139);
#823=VERTEX_POINT('',#3141);
#824=VERTEX_POINT('',#3143);
#825=VERTEX_POINT('',#3145);
#826=VERTEX_POINT('',#3149);
#827=VERTEX_POINT('',#3153);
#828=VERTEX_POINT('',#3157);
#829=VERTEX_POINT('',#3159);
#830=VERTEX_POINT('',#3163);
#831=VERTEX_POINT('',#3164);
#832=VERTEX_POINT('',#3166);
#833=VERTEX_POINT('',#3168);
#834=VERTEX_POINT('',#3172);
#835=VERTEX_POINT('',#3175);
#836=VERTEX_POINT('',#3177);
#837=VERTEX_POINT('',#3181);
#838=VERTEX_POINT('',#3182);
#839=VERTEX_POINT('',#3184);
#840=VERTEX_POINT('',#3186);
#841=VERTEX_POINT('',#3190);
#842=VERTEX_POINT('',#3192);
#843=VERTEX_POINT('',#3196);
#844=VERTEX_POINT('',#3203);
#845=VERTEX_POINT('',#3205);
#846=VERTEX_POINT('',#3209);
#847=VERTEX_POINT('',#3213);
#848=VERTEX_POINT('',#3217);
#849=VERTEX_POINT('',#3219);
#850=VERTEX_POINT('',#3228);
#851=VERTEX_POINT('',#3230);
#852=VERTEX_POINT('',#3235);
#853=VERTEX_POINT('',#3237);
#854=VERTEX_POINT('',#3242);
#855=VERTEX_POINT('',#3244);
#856=VERTEX_POINT('',#3249);
#857=VERTEX_POINT('',#3251);
#858=VERTEX_POINT('',#3256);
#859=VERTEX_POINT('',#3257);
#860=VERTEX_POINT('',#3259);
#861=VERTEX_POINT('',#3261);
#862=VERTEX_POINT('',#3265);
#863=VERTEX_POINT('',#3266);
#864=VERTEX_POINT('',#3271);
#865=VERTEX_POINT('',#3273);
#866=VERTEX_POINT('',#3280);
#867=VERTEX_POINT('',#3283);
#868=VERTEX_POINT('',#3287);
#869=VERTEX_POINT('',#3294);
#870=VERTEX_POINT('',#3295);
#871=VERTEX_POINT('',#3300);
#872=VERTEX_POINT('',#3304);
#873=VERTEX_POINT('',#3310);
#874=VERTEX_POINT('',#3312);
#875=VERTEX_POINT('',#3317);
#876=VERTEX_POINT('',#3319);
#877=VERTEX_POINT('',#3324);
#878=VERTEX_POINT('',#3326);
#879=VERTEX_POINT('',#3336);
#880=EDGE_CURVE('',#715,#716,#645,.T.);
#881=EDGE_CURVE('',#715,#717,#337,.T.);
#882=EDGE_CURVE('',#717,#718,#646,.T.);
#883=EDGE_CURVE('',#716,#718,#338,.T.);
#884=EDGE_CURVE('',#719,#715,#647,.T.);
#885=EDGE_CURVE('',#719,#720,#339,.T.);
#886=EDGE_CURVE('',#720,#717,#648,.T.);
#887=EDGE_CURVE('',#721,#719,#649,.T.);
#888=EDGE_CURVE('',#721,#722,#340,.T.);
#889=EDGE_CURVE('',#722,#720,#650,.T.);
#890=EDGE_CURVE('',#723,#721,#651,.T.);
#891=EDGE_CURVE('',#723,#724,#341,.T.);
#892=EDGE_CURVE('',#724,#722,#652,.T.);
#893=EDGE_CURVE('',#725,#723,#653,.T.);
#894=EDGE_CURVE('',#725,#726,#342,.T.);
#895=EDGE_CURVE('',#726,#724,#654,.T.);
#896=EDGE_CURVE('',#727,#725,#655,.T.);
#897=EDGE_CURVE('',#727,#728,#343,.T.);
#898=EDGE_CURVE('',#728,#726,#656,.T.);
#899=EDGE_CURVE('',#729,#727,#657,.T.);
#900=EDGE_CURVE('',#729,#730,#344,.T.);
#901=EDGE_CURVE('',#730,#728,#658,.T.);
#902=EDGE_CURVE('',#731,#729,#659,.T.);
#903=EDGE_CURVE('',#731,#732,#345,.T.);
#904=EDGE_CURVE('',#732,#730,#660,.T.);
#905=EDGE_CURVE('',#733,#731,#661,.T.);
#906=EDGE_CURVE('',#733,#734,#346,.T.);
#907=EDGE_CURVE('',#734,#732,#662,.T.);
#908=EDGE_CURVE('',#735,#733,#663,.T.);
#909=EDGE_CURVE('',#735,#736,#347,.T.);
#910=EDGE_CURVE('',#736,#734,#664,.T.);
#911=EDGE_CURVE('',#737,#735,#665,.T.);
#912=EDGE_CURVE('',#737,#738,#348,.T.);
#913=EDGE_CURVE('',#738,#736,#666,.T.);
#914=EDGE_CURVE('',#739,#737,#667,.T.);
#915=EDGE_CURVE('',#739,#740,#349,.T.);
#916=EDGE_CURVE('',#740,#738,#668,.T.);
#917=EDGE_CURVE('',#741,#739,#669,.T.);
#918=EDGE_CURVE('',#741,#742,#350,.T.);
#919=EDGE_CURVE('',#742,#740,#670,.T.);
#920=EDGE_CURVE('',#743,#741,#671,.T.);
#921=EDGE_CURVE('',#743,#744,#351,.T.);
#922=EDGE_CURVE('',#744,#742,#672,.T.);
#923=EDGE_CURVE('',#745,#743,#352,.T.);
#924=EDGE_CURVE('',#745,#746,#353,.T.);
#925=EDGE_CURVE('',#746,#744,#354,.T.);
#926=EDGE_CURVE('',#747,#745,#673,.T.);
#927=EDGE_CURVE('',#747,#748,#355,.T.);
#928=EDGE_CURVE('',#748,#746,#674,.T.);
#929=EDGE_CURVE('',#749,#747,#675,.T.);
#930=EDGE_CURVE('',#749,#750,#356,.T.);
#931=EDGE_CURVE('',#750,#748,#676,.T.);
#932=EDGE_CURVE('',#751,#749,#677,.T.);
#933=EDGE_CURVE('',#751,#752,#357,.T.);
#934=EDGE_CURVE('',#752,#750,#678,.T.);
#935=EDGE_CURVE('',#753,#751,#679,.T.);
#936=EDGE_CURVE('',#753,#754,#358,.T.);
#937=EDGE_CURVE('',#754,#752,#680,.T.);
#938=EDGE_CURVE('',#755,#753,#681,.T.);
#939=EDGE_CURVE('',#755,#756,#359,.T.);
#940=EDGE_CURVE('',#756,#754,#682,.T.);
#941=EDGE_CURVE('',#757,#755,#683,.T.);
#942=EDGE_CURVE('',#757,#758,#360,.T.);
#943=EDGE_CURVE('',#758,#756,#684,.T.);
#944=EDGE_CURVE('',#759,#757,#685,.T.);
#945=EDGE_CURVE('',#759,#760,#361,.T.);
#946=EDGE_CURVE('',#760,#758,#686,.T.);
#947=EDGE_CURVE('',#761,#759,#687,.T.);
#948=EDGE_CURVE('',#761,#762,#362,.T.);
#949=EDGE_CURVE('',#762,#760,#688,.T.);
#950=EDGE_CURVE('',#763,#761,#689,.T.);
#951=EDGE_CURVE('',#763,#764,#363,.T.);
#952=EDGE_CURVE('',#764,#762,#690,.T.);
#953=EDGE_CURVE('',#765,#763,#691,.T.);
#954=EDGE_CURVE('',#765,#766,#364,.T.);
#955=EDGE_CURVE('',#766,#764,#692,.T.);
#956=EDGE_CURVE('',#767,#765,#693,.T.);
#957=EDGE_CURVE('',#767,#768,#365,.T.);
#958=EDGE_CURVE('',#768,#766,#694,.T.);
#959=EDGE_CURVE('',#769,#767,#695,.T.);
#960=EDGE_CURVE('',#769,#770,#366,.T.);
#961=EDGE_CURVE('',#770,#768,#696,.T.);
#962=EDGE_CURVE('',#771,#769,#697,.T.);
#963=EDGE_CURVE('',#771,#772,#367,.T.);
#964=EDGE_CURVE('',#772,#770,#698,.T.);
#965=EDGE_CURVE('',#773,#771,#699,.T.);
#966=EDGE_CURVE('',#773,#774,#368,.T.);
#967=EDGE_CURVE('',#774,#772,#700,.T.);
#968=EDGE_CURVE('',#775,#773,#701,.T.);
#969=EDGE_CURVE('',#775,#776,#369,.T.);
#970=EDGE_CURVE('',#776,#774,#702,.T.);
#971=EDGE_CURVE('',#777,#775,#703,.T.);
#972=EDGE_CURVE('',#777,#778,#370,.T.);
#973=EDGE_CURVE('',#778,#776,#704,.T.);
#974=EDGE_CURVE('',#779,#777,#705,.T.);
#975=EDGE_CURVE('',#779,#780,#371,.T.);
#976=EDGE_CURVE('',#780,#778,#706,.T.);
#977=EDGE_CURVE('',#781,#779,#707,.T.);
#978=EDGE_CURVE('',#781,#782,#372,.T.);
#979=EDGE_CURVE('',#782,#780,#708,.T.);
#980=EDGE_CURVE('',#783,#781,#373,.T.);
#981=EDGE_CURVE('',#783,#784,#374,.T.);
#982=EDGE_CURVE('',#784,#782,#375,.T.);
#983=EDGE_CURVE('',#716,#783,#709,.T.);
#984=EDGE_CURVE('',#718,#784,#710,.T.);
#985=EDGE_CURVE('',#785,#786,#376,.T.);
#986=EDGE_CURVE('',#785,#787,#377,.T.);
#987=EDGE_CURVE('',#787,#788,#378,.T.);
#988=EDGE_CURVE('',#786,#788,#379,.T.);
#989=EDGE_CURVE('',#789,#785,#380,.T.);
#990=EDGE_CURVE('',#789,#790,#381,.T.);
#991=EDGE_CURVE('',#790,#787,#382,.T.);
#992=EDGE_CURVE('',#791,#789,#383,.T.);
#993=EDGE_CURVE('',#791,#792,#384,.T.);
#994=EDGE_CURVE('',#792,#790,#385,.T.);
#995=EDGE_CURVE('',#786,#791,#386,.T.);
#996=EDGE_CURVE('',#788,#792,#387,.T.);
#997=EDGE_CURVE('',#793,#794,#388,.T.);
#998=EDGE_CURVE('',#793,#795,#389,.T.);
#999=EDGE_CURVE('',#795,#796,#390,.T.);
#1000=EDGE_CURVE('',#794,#796,#391,.T.);
#1001=EDGE_CURVE('',#797,#793,#392,.T.);
#1002=EDGE_CURVE('',#797,#798,#393,.T.);
#1003=EDGE_CURVE('',#798,#795,#394,.T.);
#1004=EDGE_CURVE('',#799,#797,#395,.T.);
#1005=EDGE_CURVE('',#799,#800,#396,.T.);
#1006=EDGE_CURVE('',#800,#798,#397,.T.);
#1007=EDGE_CURVE('',#801,#799,#711,.T.);
#1008=EDGE_CURVE('',#801,#802,#398,.T.);
#1009=EDGE_CURVE('',#802,#800,#712,.T.);
#1010=EDGE_CURVE('',#803,#801,#713,.T.);
#1011=EDGE_CURVE('',#803,#804,#399,.T.);
#1012=EDGE_CURVE('',#804,#802,#714,.T.);
#1013=EDGE_CURVE('',#805,#803,#400,.T.);
#1014=EDGE_CURVE('',#805,#806,#401,.T.);
#1015=EDGE_CURVE('',#806,#804,#402,.T.);
#1016=EDGE_CURVE('',#807,#805,#403,.T.);
#1017=EDGE_CURVE('',#807,#808,#404,.T.);
#1018=EDGE_CURVE('',#808,#806,#405,.T.);
#1019=EDGE_CURVE('',#809,#807,#406,.T.);
#1020=EDGE_CURVE('',#809,#810,#407,.T.);
#1021=EDGE_CURVE('',#810,#808,#408,.T.);
#1022=EDGE_CURVE('',#794,#809,#409,.T.);
#1023=EDGE_CURVE('',#796,#810,#410,.T.);
#1024=EDGE_CURVE('',#811,#812,#29,.T.);
#1025=EDGE_CURVE('',#813,#811,#411,.T.);
#1026=EDGE_CURVE('',#814,#813,#30,.T.);
#1027=EDGE_CURVE('',#812,#814,#412,.T.);
#1028=EDGE_CURVE('',#811,#812,#31,.T.);
#1029=EDGE_CURVE('',#814,#815,#32,.T.);
#1030=EDGE_CURVE('',#815,#816,#33,.T.);
#1031=EDGE_CURVE('',#816,#817,#34,.T.);
#1032=EDGE_CURVE('',#817,#813,#35,.T.);
#1033=EDGE_CURVE('',#818,#819,#413,.T.);
#1034=EDGE_CURVE('',#820,#818,#414,.T.);
#1035=EDGE_CURVE('',#821,#820,#36,.T.);
#1036=EDGE_CURVE('',#822,#821,#415,.T.);
#1037=EDGE_CURVE('',#823,#822,#416,.T.);
#1038=EDGE_CURVE('',#823,#824,#417,.T.);
#1039=EDGE_CURVE('',#824,#825,#418,.T.);
#1040=EDGE_CURVE('',#825,#819,#419,.T.);
#1041=EDGE_CURVE('',#826,#815,#420,.T.);
#1042=EDGE_CURVE('',#816,#826,#421,.T.);
#1043=EDGE_CURVE('',#817,#827,#422,.T.);
#1044=EDGE_CURVE('',#827,#816,#423,.T.);
#1045=EDGE_CURVE('',#828,#817,#424,.T.);
#1046=EDGE_CURVE('',#829,#828,#425,.T.);
#1047=EDGE_CURVE('',#815,#829,#426,.T.);
#1048=EDGE_CURVE('',#830,#831,#427,.T.);
#1049=EDGE_CURVE('',#831,#832,#428,.T.);
#1050=EDGE_CURVE('',#832,#833,#429,.T.);
#1051=EDGE_CURVE('',#833,#830,#430,.T.);
#1052=EDGE_CURVE('',#830,#834,#431,.T.);
#1053=EDGE_CURVE('',#820,#834,#432,.T.);
#1054=EDGE_CURVE('',#835,#818,#433,.T.);
#1055=EDGE_CURVE('',#835,#836,#434,.T.);
#1056=EDGE_CURVE('',#831,#836,#435,.T.);
#1057=EDGE_CURVE('',#837,#838,#436,.T.);
#1058=EDGE_CURVE('',#838,#839,#437,.T.);
#1059=EDGE_CURVE('',#839,#840,#438,.T.);
#1060=EDGE_CURVE('',#840,#837,#439,.T.);
#1061=EDGE_CURVE('',#839,#841,#440,.T.);
#1062=EDGE_CURVE('',#841,#842,#441,.T.);
#1063=EDGE_CURVE('',#840,#842,#442,.T.);
#1064=EDGE_CURVE('',#843,#838,#443,.T.);
#1065=EDGE_CURVE('',#834,#843,#37,.T.);
#1066=EDGE_CURVE('',#839,#833,#38,.T.);
#1067=EDGE_CURVE('',#821,#843,#444,.T.);
#1068=EDGE_CURVE('',#844,#837,#445,.T.);
#1069=EDGE_CURVE('',#845,#844,#446,.T.);
#1070=EDGE_CURVE('',#822,#845,#447,.T.);
#1071=EDGE_CURVE('',#819,#846,#448,.T.);
#1072=EDGE_CURVE('',#846,#835,#449,.T.);
#1073=EDGE_CURVE('',#845,#847,#450,.T.);
#1074=EDGE_CURVE('',#847,#823,#451,.T.);
#1075=EDGE_CURVE('',#847,#848,#452,.T.);
#1076=EDGE_CURVE('',#848,#849,#453,.T.);
#1077=EDGE_CURVE('',#824,#849,#454,.T.);
#1078=EDGE_CURVE('',#835,#845,#39,.T.);
#1079=EDGE_CURVE('',#847,#846,#40,.T.);
#1080=EDGE_CURVE('',#836,#844,#41,.T.);
#1081=EDGE_CURVE('',#850,#850,#42,.T.);
#1082=EDGE_CURVE('',#850,#851,#455,.T.);
#1083=EDGE_CURVE('',#851,#851,#43,.T.);
#1084=EDGE_CURVE('',#852,#852,#44,.T.);
#1085=EDGE_CURVE('',#852,#853,#456,.T.);
#1086=EDGE_CURVE('',#853,#853,#45,.T.);
#1087=EDGE_CURVE('',#854,#854,#46,.T.);
#1088=EDGE_CURVE('',#854,#855,#457,.T.);
#1089=EDGE_CURVE('',#855,#855,#47,.T.);
#1090=EDGE_CURVE('',#856,#856,#48,.T.);
#1091=EDGE_CURVE('',#856,#857,#458,.T.);
#1092=EDGE_CURVE('',#857,#857,#49,.T.);
#1093=EDGE_CURVE('',#858,#859,#459,.T.);
#1094=EDGE_CURVE('',#859,#860,#460,.T.);
#1095=EDGE_CURVE('',#861,#860,#461,.T.);
#1096=EDGE_CURVE('',#858,#861,#462,.T.);
#1097=EDGE_CURVE('',#862,#863,#463,.T.);
#1098=EDGE_CURVE('',#863,#859,#464,.T.);
#1099=EDGE_CURVE('',#862,#858,#465,.T.);
#1100=EDGE_CURVE('',#860,#864,#466,.T.);
#1101=EDGE_CURVE('',#865,#864,#467,.T.);
#1102=EDGE_CURVE('',#861,#865,#468,.T.);
#1103=EDGE_CURVE('',#864,#863,#469,.T.);
#1104=EDGE_CURVE('',#865,#862,#470,.T.);
#1105=EDGE_CURVE('',#866,#866,#50,.T.);
#1106=EDGE_CURVE('',#846,#867,#471,.T.);
#1107=EDGE_CURVE('',#867,#848,#51,.T.);
#1108=EDGE_CURVE('',#825,#868,#472,.T.);
#1109=EDGE_CURVE('',#868,#867,#473,.T.);
#1110=EDGE_CURVE('',#849,#868,#474,.T.);
#1111=EDGE_CURVE('',#869,#870,#475,.T.);
#1112=EDGE_CURVE('',#869,#829,#476,.T.);
#1113=EDGE_CURVE('',#870,#828,#477,.T.);
#1114=EDGE_CURVE('',#871,#869,#478,.T.);
#1115=EDGE_CURVE('',#871,#826,#479,.T.);
#1116=EDGE_CURVE('',#872,#871,#480,.T.);
#1117=EDGE_CURVE('',#872,#827,#481,.T.);
#1118=EDGE_CURVE('',#870,#872,#482,.T.);
#1119=EDGE_CURVE('',#873,#873,#52,.T.);
#1120=EDGE_CURVE('',#873,#874,#483,.T.);
#1121=EDGE_CURVE('',#874,#874,#53,.T.);
#1122=EDGE_CURVE('',#875,#875,#54,.T.);
#1123=EDGE_CURVE('',#875,#876,#484,.T.);
#1124=EDGE_CURVE('',#876,#876,#55,.T.);
#1125=EDGE_CURVE('',#832,#877,#485,.T.);
#1126=EDGE_CURVE('',#877,#878,#486,.T.);
#1127=EDGE_CURVE('',#833,#878,#487,.T.);
#1128=EDGE_CURVE('',#840,#832,#488,.T.);
#1129=EDGE_CURVE('',#842,#877,#489,.T.);
#1130=EDGE_CURVE('',#878,#841,#56,.T.);
#1131=EDGE_CURVE('',#879,#879,#57,.T.);
#1132=EDGE_CURVE('',#879,#866,#490,.T.);
#1133=ORIENTED_EDGE('',*,*,#880,.F.);
#1134=ORIENTED_EDGE('',*,*,#881,.T.);
#1135=ORIENTED_EDGE('',*,*,#882,.T.);
#1136=ORIENTED_EDGE('',*,*,#883,.F.);
#1137=ORIENTED_EDGE('',*,*,#884,.F.);
#1138=ORIENTED_EDGE('',*,*,#885,.T.);
#1139=ORIENTED_EDGE('',*,*,#886,.T.);
#1140=ORIENTED_EDGE('',*,*,#881,.F.);
#1141=ORIENTED_EDGE('',*,*,#887,.F.);
#1142=ORIENTED_EDGE('',*,*,#888,.T.);
#1143=ORIENTED_EDGE('',*,*,#889,.T.);
#1144=ORIENTED_EDGE('',*,*,#885,.F.);
#1145=ORIENTED_EDGE('',*,*,#890,.F.);
#1146=ORIENTED_EDGE('',*,*,#891,.T.);
#1147=ORIENTED_EDGE('',*,*,#892,.T.);
#1148=ORIENTED_EDGE('',*,*,#888,.F.);
#1149=ORIENTED_EDGE('',*,*,#893,.F.);
#1150=ORIENTED_EDGE('',*,*,#894,.T.);
#1151=ORIENTED_EDGE('',*,*,#895,.T.);
#1152=ORIENTED_EDGE('',*,*,#891,.F.);
#1153=ORIENTED_EDGE('',*,*,#896,.F.);
#1154=ORIENTED_EDGE('',*,*,#897,.T.);
#1155=ORIENTED_EDGE('',*,*,#898,.T.);
#1156=ORIENTED_EDGE('',*,*,#894,.F.);
#1157=ORIENTED_EDGE('',*,*,#899,.F.);
#1158=ORIENTED_EDGE('',*,*,#900,.T.);
#1159=ORIENTED_EDGE('',*,*,#901,.T.);
#1160=ORIENTED_EDGE('',*,*,#897,.F.);
#1161=ORIENTED_EDGE('',*,*,#902,.F.);
#1162=ORIENTED_EDGE('',*,*,#903,.T.);
#1163=ORIENTED_EDGE('',*,*,#904,.T.);
#1164=ORIENTED_EDGE('',*,*,#900,.F.);
#1165=ORIENTED_EDGE('',*,*,#905,.F.);
#1166=ORIENTED_EDGE('',*,*,#906,.T.);
#1167=ORIENTED_EDGE('',*,*,#907,.T.);
#1168=ORIENTED_EDGE('',*,*,#903,.F.);
#1169=ORIENTED_EDGE('',*,*,#908,.F.);
#1170=ORIENTED_EDGE('',*,*,#909,.T.);
#1171=ORIENTED_EDGE('',*,*,#910,.T.);
#1172=ORIENTED_EDGE('',*,*,#906,.F.);
#1173=ORIENTED_EDGE('',*,*,#911,.F.);
#1174=ORIENTED_EDGE('',*,*,#912,.T.);
#1175=ORIENTED_EDGE('',*,*,#913,.T.);
#1176=ORIENTED_EDGE('',*,*,#909,.F.);
#1177=ORIENTED_EDGE('',*,*,#914,.F.);
#1178=ORIENTED_EDGE('',*,*,#915,.T.);
#1179=ORIENTED_EDGE('',*,*,#916,.T.);
#1180=ORIENTED_EDGE('',*,*,#912,.F.);
#1181=ORIENTED_EDGE('',*,*,#917,.F.);
#1182=ORIENTED_EDGE('',*,*,#918,.T.);
#1183=ORIENTED_EDGE('',*,*,#919,.T.);
#1184=ORIENTED_EDGE('',*,*,#915,.F.);
#1185=ORIENTED_EDGE('',*,*,#920,.F.);
#1186=ORIENTED_EDGE('',*,*,#921,.T.);
#1187=ORIENTED_EDGE('',*,*,#922,.T.);
#1188=ORIENTED_EDGE('',*,*,#918,.F.);
#1189=ORIENTED_EDGE('',*,*,#923,.F.);
#1190=ORIENTED_EDGE('',*,*,#924,.T.);
#1191=ORIENTED_EDGE('',*,*,#925,.T.);
#1192=ORIENTED_EDGE('',*,*,#921,.F.);
#1193=ORIENTED_EDGE('',*,*,#926,.F.);
#1194=ORIENTED_EDGE('',*,*,#927,.T.);
#1195=ORIENTED_EDGE('',*,*,#928,.T.);
#1196=ORIENTED_EDGE('',*,*,#924,.F.);
#1197=ORIENTED_EDGE('',*,*,#929,.F.);
#1198=ORIENTED_EDGE('',*,*,#930,.T.);
#1199=ORIENTED_EDGE('',*,*,#931,.T.);
#1200=ORIENTED_EDGE('',*,*,#927,.F.);
#1201=ORIENTED_EDGE('',*,*,#932,.F.);
#1202=ORIENTED_EDGE('',*,*,#933,.T.);
#1203=ORIENTED_EDGE('',*,*,#934,.T.);
#1204=ORIENTED_EDGE('',*,*,#930,.F.);
#1205=ORIENTED_EDGE('',*,*,#935,.F.);
#1206=ORIENTED_EDGE('',*,*,#936,.T.);
#1207=ORIENTED_EDGE('',*,*,#937,.T.);
#1208=ORIENTED_EDGE('',*,*,#933,.F.);
#1209=ORIENTED_EDGE('',*,*,#938,.F.);
#1210=ORIENTED_EDGE('',*,*,#939,.T.);
#1211=ORIENTED_EDGE('',*,*,#940,.T.);
#1212=ORIENTED_EDGE('',*,*,#936,.F.);
#1213=ORIENTED_EDGE('',*,*,#941,.F.);
#1214=ORIENTED_EDGE('',*,*,#942,.T.);
#1215=ORIENTED_EDGE('',*,*,#943,.T.);
#1216=ORIENTED_EDGE('',*,*,#939,.F.);
#1217=ORIENTED_EDGE('',*,*,#944,.F.);
#1218=ORIENTED_EDGE('',*,*,#945,.T.);
#1219=ORIENTED_EDGE('',*,*,#946,.T.);
#1220=ORIENTED_EDGE('',*,*,#942,.F.);
#1221=ORIENTED_EDGE('',*,*,#947,.F.);
#1222=ORIENTED_EDGE('',*,*,#948,.T.);
#1223=ORIENTED_EDGE('',*,*,#949,.T.);
#1224=ORIENTED_EDGE('',*,*,#945,.F.);
#1225=ORIENTED_EDGE('',*,*,#950,.F.);
#1226=ORIENTED_EDGE('',*,*,#951,.T.);
#1227=ORIENTED_EDGE('',*,*,#952,.T.);
#1228=ORIENTED_EDGE('',*,*,#948,.F.);
#1229=ORIENTED_EDGE('',*,*,#953,.F.);
#1230=ORIENTED_EDGE('',*,*,#954,.T.);
#1231=ORIENTED_EDGE('',*,*,#955,.T.);
#1232=ORIENTED_EDGE('',*,*,#951,.F.);
#1233=ORIENTED_EDGE('',*,*,#956,.F.);
#1234=ORIENTED_EDGE('',*,*,#957,.T.);
#1235=ORIENTED_EDGE('',*,*,#958,.T.);
#1236=ORIENTED_EDGE('',*,*,#954,.F.);
#1237=ORIENTED_EDGE('',*,*,#959,.F.);
#1238=ORIENTED_EDGE('',*,*,#960,.T.);
#1239=ORIENTED_EDGE('',*,*,#961,.T.);
#1240=ORIENTED_EDGE('',*,*,#957,.F.);
#1241=ORIENTED_EDGE('',*,*,#962,.F.);
#1242=ORIENTED_EDGE('',*,*,#963,.T.);
#1243=ORIENTED_EDGE('',*,*,#964,.T.);
#1244=ORIENTED_EDGE('',*,*,#960,.F.);
#1245=ORIENTED_EDGE('',*,*,#965,.F.);
#1246=ORIENTED_EDGE('',*,*,#966,.T.);
#1247=ORIENTED_EDGE('',*,*,#967,.T.);
#1248=ORIENTED_EDGE('',*,*,#963,.F.);
#1249=ORIENTED_EDGE('',*,*,#968,.F.);
#1250=ORIENTED_EDGE('',*,*,#969,.T.);
#1251=ORIENTED_EDGE('',*,*,#970,.T.);
#1252=ORIENTED_EDGE('',*,*,#966,.F.);
#1253=ORIENTED_EDGE('',*,*,#971,.F.);
#1254=ORIENTED_EDGE('',*,*,#972,.T.);
#1255=ORIENTED_EDGE('',*,*,#973,.T.);
#1256=ORIENTED_EDGE('',*,*,#969,.F.);
#1257=ORIENTED_EDGE('',*,*,#974,.F.);
#1258=ORIENTED_EDGE('',*,*,#975,.T.);
#1259=ORIENTED_EDGE('',*,*,#976,.T.);
#1260=ORIENTED_EDGE('',*,*,#972,.F.);
#1261=ORIENTED_EDGE('',*,*,#977,.F.);
#1262=ORIENTED_EDGE('',*,*,#978,.T.);
#1263=ORIENTED_EDGE('',*,*,#979,.T.);
#1264=ORIENTED_EDGE('',*,*,#975,.F.);
#1265=ORIENTED_EDGE('',*,*,#980,.F.);
#1266=ORIENTED_EDGE('',*,*,#981,.T.);
#1267=ORIENTED_EDGE('',*,*,#982,.T.);
#1268=ORIENTED_EDGE('',*,*,#978,.F.);
#1269=ORIENTED_EDGE('',*,*,#983,.F.);
#1270=ORIENTED_EDGE('',*,*,#883,.T.);
#1271=ORIENTED_EDGE('',*,*,#984,.T.);
#1272=ORIENTED_EDGE('',*,*,#981,.F.);
#1273=ORIENTED_EDGE('',*,*,#984,.F.);
#1274=ORIENTED_EDGE('',*,*,#882,.F.);
#1275=ORIENTED_EDGE('',*,*,#886,.F.);
#1276=ORIENTED_EDGE('',*,*,#889,.F.);
#1277=ORIENTED_EDGE('',*,*,#892,.F.);
#1278=ORIENTED_EDGE('',*,*,#895,.F.);
#1279=ORIENTED_EDGE('',*,*,#898,.F.);
#1280=ORIENTED_EDGE('',*,*,#901,.F.);
#1281=ORIENTED_EDGE('',*,*,#904,.F.);
#1282=ORIENTED_EDGE('',*,*,#907,.F.);
#1283=ORIENTED_EDGE('',*,*,#910,.F.);
#1284=ORIENTED_EDGE('',*,*,#913,.F.);
#1285=ORIENTED_EDGE('',*,*,#916,.F.);
#1286=ORIENTED_EDGE('',*,*,#919,.F.);
#1287=ORIENTED_EDGE('',*,*,#922,.F.);
#1288=ORIENTED_EDGE('',*,*,#925,.F.);
#1289=ORIENTED_EDGE('',*,*,#928,.F.);
#1290=ORIENTED_EDGE('',*,*,#931,.F.);
#1291=ORIENTED_EDGE('',*,*,#934,.F.);
#1292=ORIENTED_EDGE('',*,*,#937,.F.);
#1293=ORIENTED_EDGE('',*,*,#940,.F.);
#1294=ORIENTED_EDGE('',*,*,#943,.F.);
#1295=ORIENTED_EDGE('',*,*,#946,.F.);
#1296=ORIENTED_EDGE('',*,*,#949,.F.);
#1297=ORIENTED_EDGE('',*,*,#952,.F.);
#1298=ORIENTED_EDGE('',*,*,#955,.F.);
#1299=ORIENTED_EDGE('',*,*,#958,.F.);
#1300=ORIENTED_EDGE('',*,*,#961,.F.);
#1301=ORIENTED_EDGE('',*,*,#964,.F.);
#1302=ORIENTED_EDGE('',*,*,#967,.F.);
#1303=ORIENTED_EDGE('',*,*,#970,.F.);
#1304=ORIENTED_EDGE('',*,*,#973,.F.);
#1305=ORIENTED_EDGE('',*,*,#976,.F.);
#1306=ORIENTED_EDGE('',*,*,#979,.F.);
#1307=ORIENTED_EDGE('',*,*,#982,.F.);
#1308=ORIENTED_EDGE('',*,*,#985,.F.);
#1309=ORIENTED_EDGE('',*,*,#986,.T.);
#1310=ORIENTED_EDGE('',*,*,#987,.T.);
#1311=ORIENTED_EDGE('',*,*,#988,.F.);
#1312=ORIENTED_EDGE('',*,*,#989,.F.);
#1313=ORIENTED_EDGE('',*,*,#990,.T.);
#1314=ORIENTED_EDGE('',*,*,#991,.T.);
#1315=ORIENTED_EDGE('',*,*,#986,.F.);
#1316=ORIENTED_EDGE('',*,*,#992,.F.);
#1317=ORIENTED_EDGE('',*,*,#993,.T.);
#1318=ORIENTED_EDGE('',*,*,#994,.T.);
#1319=ORIENTED_EDGE('',*,*,#990,.F.);
#1320=ORIENTED_EDGE('',*,*,#995,.F.);
#1321=ORIENTED_EDGE('',*,*,#988,.T.);
#1322=ORIENTED_EDGE('',*,*,#996,.T.);
#1323=ORIENTED_EDGE('',*,*,#993,.F.);
#1324=ORIENTED_EDGE('',*,*,#996,.F.);
#1325=ORIENTED_EDGE('',*,*,#987,.F.);
#1326=ORIENTED_EDGE('',*,*,#991,.F.);
#1327=ORIENTED_EDGE('',*,*,#994,.F.);
#1328=ORIENTED_EDGE('',*,*,#997,.F.);
#1329=ORIENTED_EDGE('',*,*,#998,.T.);
#1330=ORIENTED_EDGE('',*,*,#999,.T.);
#1331=ORIENTED_EDGE('',*,*,#1000,.F.);
#1332=ORIENTED_EDGE('',*,*,#1001,.F.);
#1333=ORIENTED_EDGE('',*,*,#1002,.T.);
#1334=ORIENTED_EDGE('',*,*,#1003,.T.);
#1335=ORIENTED_EDGE('',*,*,#998,.F.);
#1336=ORIENTED_EDGE('',*,*,#1004,.F.);
#1337=ORIENTED_EDGE('',*,*,#1005,.T.);
#1338=ORIENTED_EDGE('',*,*,#1006,.T.);
#1339=ORIENTED_EDGE('',*,*,#1002,.F.);
#1340=ORIENTED_EDGE('',*,*,#1007,.F.);
#1341=ORIENTED_EDGE('',*,*,#1008,.T.);
#1342=ORIENTED_EDGE('',*,*,#1009,.T.);
#1343=ORIENTED_EDGE('',*,*,#1005,.F.);
#1344=ORIENTED_EDGE('',*,*,#1010,.F.);
#1345=ORIENTED_EDGE('',*,*,#1011,.T.);
#1346=ORIENTED_EDGE('',*,*,#1012,.T.);
#1347=ORIENTED_EDGE('',*,*,#1008,.F.);
#1348=ORIENTED_EDGE('',*,*,#1013,.F.);
#1349=ORIENTED_EDGE('',*,*,#1014,.T.);
#1350=ORIENTED_EDGE('',*,*,#1015,.T.);
#1351=ORIENTED_EDGE('',*,*,#1011,.F.);
#1352=ORIENTED_EDGE('',*,*,#1016,.F.);
#1353=ORIENTED_EDGE('',*,*,#1017,.T.);
#1354=ORIENTED_EDGE('',*,*,#1018,.T.);
#1355=ORIENTED_EDGE('',*,*,#1014,.F.);
#1356=ORIENTED_EDGE('',*,*,#1019,.F.);
#1357=ORIENTED_EDGE('',*,*,#1020,.T.);
#1358=ORIENTED_EDGE('',*,*,#1021,.T.);
#1359=ORIENTED_EDGE('',*,*,#1017,.F.);
#1360=ORIENTED_EDGE('',*,*,#1022,.F.);
#1361=ORIENTED_EDGE('',*,*,#1000,.T.);
#1362=ORIENTED_EDGE('',*,*,#1023,.T.);
#1363=ORIENTED_EDGE('',*,*,#1020,.F.);
#1364=ORIENTED_EDGE('',*,*,#1023,.F.);
#1365=ORIENTED_EDGE('',*,*,#999,.F.);
#1366=ORIENTED_EDGE('',*,*,#1003,.F.);
#1367=ORIENTED_EDGE('',*,*,#1006,.F.);
#1368=ORIENTED_EDGE('',*,*,#1009,.F.);
#1369=ORIENTED_EDGE('',*,*,#1012,.F.);
#1370=ORIENTED_EDGE('',*,*,#1015,.F.);
#1371=ORIENTED_EDGE('',*,*,#1018,.F.);
#1372=ORIENTED_EDGE('',*,*,#1021,.F.);
#1373=ORIENTED_EDGE('',*,*,#1024,.F.);
#1374=ORIENTED_EDGE('',*,*,#1025,.F.);
#1375=ORIENTED_EDGE('',*,*,#1026,.F.);
#1376=ORIENTED_EDGE('',*,*,#1027,.F.);
#1377=ORIENTED_EDGE('',*,*,#1025,.T.);
#1378=ORIENTED_EDGE('',*,*,#1028,.T.);
#1379=ORIENTED_EDGE('',*,*,#1027,.T.);
#1380=ORIENTED_EDGE('',*,*,#1029,.T.);
#1381=ORIENTED_EDGE('',*,*,#1030,.T.);
#1382=ORIENTED_EDGE('',*,*,#1031,.T.);
#1383=ORIENTED_EDGE('',*,*,#1032,.T.);
#1384=ORIENTED_EDGE('',*,*,#1033,.F.);
#1385=ORIENTED_EDGE('',*,*,#1034,.F.);
#1386=ORIENTED_EDGE('',*,*,#1035,.F.);
#1387=ORIENTED_EDGE('',*,*,#1036,.F.);
#1388=ORIENTED_EDGE('',*,*,#1037,.F.);
#1389=ORIENTED_EDGE('',*,*,#1038,.T.);
#1390=ORIENTED_EDGE('',*,*,#1039,.T.);
#1391=ORIENTED_EDGE('',*,*,#1040,.T.);
#1392=ORIENTED_EDGE('',*,*,#1024,.T.);
#1393=ORIENTED_EDGE('',*,*,#1028,.F.);
#1394=ORIENTED_EDGE('',*,*,#1041,.F.);
#1395=ORIENTED_EDGE('',*,*,#1042,.F.);
#1396=ORIENTED_EDGE('',*,*,#1030,.F.);
#1397=ORIENTED_EDGE('',*,*,#1043,.F.);
#1398=ORIENTED_EDGE('',*,*,#1031,.F.);
#1399=ORIENTED_EDGE('',*,*,#1044,.F.);
#1400=ORIENTED_EDGE('',*,*,#1026,.T.);
#1401=ORIENTED_EDGE('',*,*,#1032,.F.);
#1402=ORIENTED_EDGE('',*,*,#1045,.F.);
#1403=ORIENTED_EDGE('',*,*,#1046,.F.);
#1404=ORIENTED_EDGE('',*,*,#1047,.F.);
#1405=ORIENTED_EDGE('',*,*,#1029,.F.);
#1406=ORIENTED_EDGE('',*,*,#1048,.T.);
#1407=ORIENTED_EDGE('',*,*,#1049,.T.);
#1408=ORIENTED_EDGE('',*,*,#1050,.T.);
#1409=ORIENTED_EDGE('',*,*,#1051,.T.);
#1410=ORIENTED_EDGE('',*,*,#1048,.F.);
#1411=ORIENTED_EDGE('',*,*,#1052,.T.);
#1412=ORIENTED_EDGE('',*,*,#1053,.F.);
#1413=ORIENTED_EDGE('',*,*,#1034,.T.);
#1414=ORIENTED_EDGE('',*,*,#1054,.F.);
#1415=ORIENTED_EDGE('',*,*,#1055,.T.);
#1416=ORIENTED_EDGE('',*,*,#1056,.F.);
#1417=ORIENTED_EDGE('',*,*,#1057,.T.);
#1418=ORIENTED_EDGE('',*,*,#1058,.T.);
#1419=ORIENTED_EDGE('',*,*,#1059,.T.);
#1420=ORIENTED_EDGE('',*,*,#1060,.T.);
#1421=ORIENTED_EDGE('',*,*,#1059,.F.);
#1422=ORIENTED_EDGE('',*,*,#1061,.T.);
#1423=ORIENTED_EDGE('',*,*,#1062,.T.);
#1424=ORIENTED_EDGE('',*,*,#1063,.F.);
#1425=ORIENTED_EDGE('',*,*,#1064,.F.);
#1426=ORIENTED_EDGE('',*,*,#1065,.F.);
#1427=ORIENTED_EDGE('',*,*,#1052,.F.);
#1428=ORIENTED_EDGE('',*,*,#1051,.F.);
#1429=ORIENTED_EDGE('',*,*,#1066,.F.);
#1430=ORIENTED_EDGE('',*,*,#1058,.F.);
#1431=ORIENTED_EDGE('',*,*,#1065,.T.);
#1432=ORIENTED_EDGE('',*,*,#1067,.F.);
#1433=ORIENTED_EDGE('',*,*,#1035,.T.);
#1434=ORIENTED_EDGE('',*,*,#1053,.T.);
#1435=ORIENTED_EDGE('',*,*,#1057,.F.);
#1436=ORIENTED_EDGE('',*,*,#1068,.F.);
#1437=ORIENTED_EDGE('',*,*,#1069,.F.);
#1438=ORIENTED_EDGE('',*,*,#1070,.F.);
#1439=ORIENTED_EDGE('',*,*,#1036,.T.);
#1440=ORIENTED_EDGE('',*,*,#1067,.T.);
#1441=ORIENTED_EDGE('',*,*,#1064,.T.);
#1442=ORIENTED_EDGE('',*,*,#1054,.T.);
#1443=ORIENTED_EDGE('',*,*,#1033,.T.);
#1444=ORIENTED_EDGE('',*,*,#1071,.T.);
#1445=ORIENTED_EDGE('',*,*,#1072,.T.);
#1446=ORIENTED_EDGE('',*,*,#1070,.T.);
#1447=ORIENTED_EDGE('',*,*,#1073,.T.);
#1448=ORIENTED_EDGE('',*,*,#1074,.T.);
#1449=ORIENTED_EDGE('',*,*,#1037,.T.);
#1450=ORIENTED_EDGE('',*,*,#1074,.F.);
#1451=ORIENTED_EDGE('',*,*,#1075,.T.);
#1452=ORIENTED_EDGE('',*,*,#1076,.T.);
#1453=ORIENTED_EDGE('',*,*,#1077,.F.);
#1454=ORIENTED_EDGE('',*,*,#1038,.F.);
#1455=ORIENTED_EDGE('',*,*,#1073,.F.);
#1456=ORIENTED_EDGE('',*,*,#1078,.F.);
#1457=ORIENTED_EDGE('',*,*,#1072,.F.);
#1458=ORIENTED_EDGE('',*,*,#1079,.F.);
#1459=ORIENTED_EDGE('',*,*,#1078,.T.);
#1460=ORIENTED_EDGE('',*,*,#1069,.T.);
#1461=ORIENTED_EDGE('',*,*,#1080,.F.);
#1462=ORIENTED_EDGE('',*,*,#1055,.F.);
#1463=ORIENTED_EDGE('',*,*,#1081,.F.);
#1464=ORIENTED_EDGE('',*,*,#1082,.T.);
#1465=ORIENTED_EDGE('',*,*,#1083,.T.);
#1466=ORIENTED_EDGE('',*,*,#1082,.F.);
#1467=ORIENTED_EDGE('',*,*,#1083,.F.);
#1468=ORIENTED_EDGE('',*,*,#1084,.F.);
#1469=ORIENTED_EDGE('',*,*,#1085,.T.);
#1470=ORIENTED_EDGE('',*,*,#1086,.T.);
#1471=ORIENTED_EDGE('',*,*,#1085,.F.);
#1472=ORIENTED_EDGE('',*,*,#1086,.F.);
#1473=ORIENTED_EDGE('',*,*,#1087,.F.);
#1474=ORIENTED_EDGE('',*,*,#1088,.T.);
#1475=ORIENTED_EDGE('',*,*,#1089,.T.);
#1476=ORIENTED_EDGE('',*,*,#1088,.F.);
#1477=ORIENTED_EDGE('',*,*,#1089,.F.);
#1478=ORIENTED_EDGE('',*,*,#1090,.F.);
#1479=ORIENTED_EDGE('',*,*,#1091,.T.);
#1480=ORIENTED_EDGE('',*,*,#1092,.T.);
#1481=ORIENTED_EDGE('',*,*,#1091,.F.);
#1482=ORIENTED_EDGE('',*,*,#1092,.F.);
#1483=ORIENTED_EDGE('',*,*,#1093,.T.);
#1484=ORIENTED_EDGE('',*,*,#1094,.T.);
#1485=ORIENTED_EDGE('',*,*,#1095,.F.);
#1486=ORIENTED_EDGE('',*,*,#1096,.F.);
#1487=ORIENTED_EDGE('',*,*,#1097,.T.);
#1488=ORIENTED_EDGE('',*,*,#1098,.T.);
#1489=ORIENTED_EDGE('',*,*,#1093,.F.);
#1490=ORIENTED_EDGE('',*,*,#1099,.F.);
#1491=ORIENTED_EDGE('',*,*,#1095,.T.);
#1492=ORIENTED_EDGE('',*,*,#1100,.T.);
#1493=ORIENTED_EDGE('',*,*,#1101,.F.);
#1494=ORIENTED_EDGE('',*,*,#1102,.F.);
#1495=ORIENTED_EDGE('',*,*,#1101,.T.);
#1496=ORIENTED_EDGE('',*,*,#1103,.T.);
#1497=ORIENTED_EDGE('',*,*,#1097,.F.);
#1498=ORIENTED_EDGE('',*,*,#1104,.F.);
#1499=ORIENTED_EDGE('',*,*,#1103,.F.);
#1500=ORIENTED_EDGE('',*,*,#1100,.F.);
#1501=ORIENTED_EDGE('',*,*,#1094,.F.);
#1502=ORIENTED_EDGE('',*,*,#1098,.F.);
#1503=ORIENTED_EDGE('',*,*,#1105,.F.);
#1504=ORIENTED_EDGE('',*,*,#1079,.T.);
#1505=ORIENTED_EDGE('',*,*,#1106,.T.);
#1506=ORIENTED_EDGE('',*,*,#1107,.T.);
#1507=ORIENTED_EDGE('',*,*,#1075,.F.);
#1508=ORIENTED_EDGE('',*,*,#1071,.F.);
#1509=ORIENTED_EDGE('',*,*,#1040,.F.);
#1510=ORIENTED_EDGE('',*,*,#1108,.T.);
#1511=ORIENTED_EDGE('',*,*,#1109,.T.);
#1512=ORIENTED_EDGE('',*,*,#1106,.F.);
#1513=ORIENTED_EDGE('',*,*,#1039,.F.);
#1514=ORIENTED_EDGE('',*,*,#1077,.T.);
#1515=ORIENTED_EDGE('',*,*,#1110,.T.);
#1516=ORIENTED_EDGE('',*,*,#1108,.F.);
#1517=ORIENTED_EDGE('',*,*,#1076,.F.);
#1518=ORIENTED_EDGE('',*,*,#1107,.F.);
#1519=ORIENTED_EDGE('',*,*,#1109,.F.);
#1520=ORIENTED_EDGE('',*,*,#1110,.F.);
#1521=ORIENTED_EDGE('',*,*,#1081,.T.);
#1522=ORIENTED_EDGE('',*,*,#1084,.T.);
#1523=ORIENTED_EDGE('',*,*,#1087,.T.);
#1524=ORIENTED_EDGE('',*,*,#1090,.T.);
#1525=ORIENTED_EDGE('',*,*,#1102,.T.);
#1526=ORIENTED_EDGE('',*,*,#1104,.T.);
#1527=ORIENTED_EDGE('',*,*,#1099,.T.);
#1528=ORIENTED_EDGE('',*,*,#1096,.T.);
#1529=ORIENTED_EDGE('',*,*,#1111,.F.);
#1530=ORIENTED_EDGE('',*,*,#1112,.T.);
#1531=ORIENTED_EDGE('',*,*,#1046,.T.);
#1532=ORIENTED_EDGE('',*,*,#1113,.F.);
#1533=ORIENTED_EDGE('',*,*,#1114,.F.);
#1534=ORIENTED_EDGE('',*,*,#1115,.T.);
#1535=ORIENTED_EDGE('',*,*,#1041,.T.);
#1536=ORIENTED_EDGE('',*,*,#1047,.T.);
#1537=ORIENTED_EDGE('',*,*,#1112,.F.);
#1538=ORIENTED_EDGE('',*,*,#1116,.F.);
#1539=ORIENTED_EDGE('',*,*,#1117,.T.);
#1540=ORIENTED_EDGE('',*,*,#1044,.T.);
#1541=ORIENTED_EDGE('',*,*,#1042,.T.);
#1542=ORIENTED_EDGE('',*,*,#1115,.F.);
#1543=ORIENTED_EDGE('',*,*,#1118,.F.);
#1544=ORIENTED_EDGE('',*,*,#1113,.T.);
#1545=ORIENTED_EDGE('',*,*,#1045,.T.);
#1546=ORIENTED_EDGE('',*,*,#1043,.T.);
#1547=ORIENTED_EDGE('',*,*,#1117,.F.);
#1548=ORIENTED_EDGE('',*,*,#1119,.F.);
#1549=ORIENTED_EDGE('',*,*,#1120,.T.);
#1550=ORIENTED_EDGE('',*,*,#1121,.T.);
#1551=ORIENTED_EDGE('',*,*,#1120,.F.);
#1552=ORIENTED_EDGE('',*,*,#1121,.F.);
#1553=ORIENTED_EDGE('',*,*,#1122,.F.);
#1554=ORIENTED_EDGE('',*,*,#1123,.T.);
#1555=ORIENTED_EDGE('',*,*,#1124,.T.);
#1556=ORIENTED_EDGE('',*,*,#1123,.F.);
#1557=ORIENTED_EDGE('',*,*,#1124,.F.);
#1558=ORIENTED_EDGE('',*,*,#1050,.F.);
#1559=ORIENTED_EDGE('',*,*,#1125,.T.);
#1560=ORIENTED_EDGE('',*,*,#1126,.T.);
#1561=ORIENTED_EDGE('',*,*,#1127,.F.);
#1562=ORIENTED_EDGE('',*,*,#1128,.F.);
#1563=ORIENTED_EDGE('',*,*,#1063,.T.);
#1564=ORIENTED_EDGE('',*,*,#1129,.T.);
#1565=ORIENTED_EDGE('',*,*,#1125,.F.);
#1566=ORIENTED_EDGE('',*,*,#1066,.T.);
#1567=ORIENTED_EDGE('',*,*,#1127,.T.);
#1568=ORIENTED_EDGE('',*,*,#1130,.T.);
#1569=ORIENTED_EDGE('',*,*,#1061,.F.);
#1570=ORIENTED_EDGE('',*,*,#1130,.F.);
#1571=ORIENTED_EDGE('',*,*,#1126,.F.);
#1572=ORIENTED_EDGE('',*,*,#1129,.F.);
#1573=ORIENTED_EDGE('',*,*,#1062,.F.);
#1574=ORIENTED_EDGE('',*,*,#1116,.T.);
#1575=ORIENTED_EDGE('',*,*,#1114,.T.);
#1576=ORIENTED_EDGE('',*,*,#1111,.T.);
#1577=ORIENTED_EDGE('',*,*,#1118,.T.);
#1578=ORIENTED_EDGE('',*,*,#1119,.T.);
#1579=ORIENTED_EDGE('',*,*,#1122,.T.);
#1580=ORIENTED_EDGE('',*,*,#1131,.F.);
#1581=ORIENTED_EDGE('',*,*,#1132,.T.);
#1582=ORIENTED_EDGE('',*,*,#1105,.T.);
#1583=ORIENTED_EDGE('',*,*,#1132,.F.);
#1584=ORIENTED_EDGE('',*,*,#1049,.F.);
#1585=ORIENTED_EDGE('',*,*,#1056,.T.);
#1586=ORIENTED_EDGE('',*,*,#1080,.T.);
#1587=ORIENTED_EDGE('',*,*,#1068,.T.);
#1588=ORIENTED_EDGE('',*,*,#1060,.F.);
#1589=ORIENTED_EDGE('',*,*,#1128,.T.);
#1590=ORIENTED_EDGE('',*,*,#880,.T.);
#1591=ORIENTED_EDGE('',*,*,#983,.T.);
#1592=ORIENTED_EDGE('',*,*,#980,.T.);
#1593=ORIENTED_EDGE('',*,*,#977,.T.);
#1594=ORIENTED_EDGE('',*,*,#974,.T.);
#1595=ORIENTED_EDGE('',*,*,#971,.T.);
#1596=ORIENTED_EDGE('',*,*,#968,.T.);
#1597=ORIENTED_EDGE('',*,*,#965,.T.);
#1598=ORIENTED_EDGE('',*,*,#962,.T.);
#1599=ORIENTED_EDGE('',*,*,#959,.T.);
#1600=ORIENTED_EDGE('',*,*,#956,.T.);
#1601=ORIENTED_EDGE('',*,*,#953,.T.);
#1602=ORIENTED_EDGE('',*,*,#950,.T.);
#1603=ORIENTED_EDGE('',*,*,#947,.T.);
#1604=ORIENTED_EDGE('',*,*,#944,.T.);
#1605=ORIENTED_EDGE('',*,*,#941,.T.);
#1606=ORIENTED_EDGE('',*,*,#938,.T.);
#1607=ORIENTED_EDGE('',*,*,#935,.T.);
#1608=ORIENTED_EDGE('',*,*,#932,.T.);
#1609=ORIENTED_EDGE('',*,*,#929,.T.);
#1610=ORIENTED_EDGE('',*,*,#926,.T.);
#1611=ORIENTED_EDGE('',*,*,#923,.T.);
#1612=ORIENTED_EDGE('',*,*,#920,.T.);
#1613=ORIENTED_EDGE('',*,*,#917,.T.);
#1614=ORIENTED_EDGE('',*,*,#914,.T.);
#1615=ORIENTED_EDGE('',*,*,#911,.T.);
#1616=ORIENTED_EDGE('',*,*,#908,.T.);
#1617=ORIENTED_EDGE('',*,*,#905,.T.);
#1618=ORIENTED_EDGE('',*,*,#902,.T.);
#1619=ORIENTED_EDGE('',*,*,#899,.T.);
#1620=ORIENTED_EDGE('',*,*,#896,.T.);
#1621=ORIENTED_EDGE('',*,*,#893,.T.);
#1622=ORIENTED_EDGE('',*,*,#890,.T.);
#1623=ORIENTED_EDGE('',*,*,#887,.T.);
#1624=ORIENTED_EDGE('',*,*,#884,.T.);
#1625=ORIENTED_EDGE('',*,*,#985,.T.);
#1626=ORIENTED_EDGE('',*,*,#995,.T.);
#1627=ORIENTED_EDGE('',*,*,#992,.T.);
#1628=ORIENTED_EDGE('',*,*,#989,.T.);
#1629=ORIENTED_EDGE('',*,*,#997,.T.);
#1630=ORIENTED_EDGE('',*,*,#1022,.T.);
#1631=ORIENTED_EDGE('',*,*,#1019,.T.);
#1632=ORIENTED_EDGE('',*,*,#1016,.T.);
#1633=ORIENTED_EDGE('',*,*,#1013,.T.);
#1634=ORIENTED_EDGE('',*,*,#1010,.T.);
#1635=ORIENTED_EDGE('',*,*,#1007,.T.);
#1636=ORIENTED_EDGE('',*,*,#1004,.T.);
#1637=ORIENTED_EDGE('',*,*,#1001,.T.);
#1638=ORIENTED_EDGE('',*,*,#1131,.T.);
#1639=B_SPLINE_SURFACE_WITH_KNOTS('',3,1,((#2227,#2228),(#2229,#2230),(#2231,
#2232),(#2233,#2234),(#2235,#2236)),.UNSPECIFIED.,.F.,.F.,.F.,(4,1,4),(2,
2),(0.,0.0956789332345534,0.188857512654499),(0.,0.2),.UNSPECIFIED.);
#1640=B_SPLINE_SURFACE_WITH_KNOTS('',3,1,((#2253,#2254),(#2255,#2256),(#2257,
#2258),(#2259,#2260),(#2261,#2262)),.UNSPECIFIED.,.F.,.F.,.F.,(4,1,4),(2,
2),(0.,0.125135685720191,0.232080106266781),(0.,0.2),.UNSPECIFIED.);
#1641=B_SPLINE_SURFACE_WITH_KNOTS('',3,1,((#2276,#2277),(#2278,#2279),(#2280,
#2281),(#2282,#2283),(#2284,#2285)),.UNSPECIFIED.,.F.,.F.,.F.,(4,1,4),(2,
2),(0.,0.0956166544077865,0.197810407694719),(0.,0.2),.UNSPECIFIED.);
#1642=B_SPLINE_SURFACE_WITH_KNOTS('',3,1,((#2299,#2300),(#2301,#2302),(#2303,
#2304),(#2305,#2306),(#2307,#2308)),.UNSPECIFIED.,.F.,.F.,.F.,(4,1,4),(2,
2),(0.,0.0838953339399632,0.172975798344928),(0.,0.2),.UNSPECIFIED.);
#1643=B_SPLINE_SURFACE_WITH_KNOTS('',3,1,((#2322,#2323),(#2324,#2325),(#2326,
#2327),(#2328,#2329),(#2330,#2331)),.UNSPECIFIED.,.F.,.F.,.F.,(4,1,4),(2,
2),(0.,0.0783443870492807,0.158902912672177),(0.,0.2),.UNSPECIFIED.);
#1644=B_SPLINE_SURFACE_WITH_KNOTS('',3,1,((#2345,#2346),(#2347,#2348),(#2349,
#2350),(#2351,#2352),(#2353,#2354)),.UNSPECIFIED.,.F.,.F.,.F.,(4,1,4),(2,
2),(0.,0.0733881781817096,0.14989999985924),(0.,0.2),.UNSPECIFIED.);
#1645=B_SPLINE_SURFACE_WITH_KNOTS('',3,1,((#2368,#2369),(#2370,#2371),(#2372,
#2373),(#2374,#2375),(#2376,#2377)),.UNSPECIFIED.,.F.,.F.,.F.,(4,1,4),(2,
2),(0.,0.0885422900725507,0.165932912165992),(0.,0.2),.UNSPECIFIED.);
#1646=B_SPLINE_SURFACE_WITH_KNOTS('',3,1,((#2391,#2392),(#2393,#2394),(#2395,
#2396),(#2397,#2398),(#2399,#2400)),.UNSPECIFIED.,.F.,.F.,.F.,(4,1,4),(2,
2),(0.,0.140231442200433,0.230565707119465),(0.,0.2),.UNSPECIFIED.);
#1647=B_SPLINE_SURFACE_WITH_KNOTS('',3,1,((#2414,#2415),(#2416,#2417),(#2418,
#2419),(#2420,#2421),(#2422,#2423)),.UNSPECIFIED.,.F.,.F.,.F.,(4,1,4),(2,
2),(0.,0.0774490773667732,0.212882271059074),(0.,0.2),.UNSPECIFIED.);
#1648=B_SPLINE_SURFACE_WITH_KNOTS('',3,1,((#2437,#2438),(#2439,#2440),(#2441,
#2442),(#2443,#2444),(#2445,#2446)),.UNSPECIFIED.,.F.,.F.,.F.,(4,1,4),(2,
2),(0.,0.0500658233076409,0.0992148471462806),(0.,0.2),.UNSPECIFIED.);
#1649=B_SPLINE_SURFACE_WITH_KNOTS('',3,1,((#2460,#2461),(#2462,#2463),(#2464,
#2465),(#2466,#2467),(#2468,#2469)),.UNSPECIFIED.,.F.,.F.,.F.,(4,1,4),(2,
2),(0.,0.0636389261173563,0.12280812819889),(0.,0.2),.UNSPECIFIED.);
#1650=B_SPLINE_SURFACE_WITH_KNOTS('',3,1,((#2483,#2484),(#2485,#2486),(#2487,
#2488),(#2489,#2490),(#2491,#2492)),.UNSPECIFIED.,.F.,.F.,.F.,(4,1,4),(2,
2),(0.,0.10435015206108,0.182822333409582),(0.,0.2),.UNSPECIFIED.);
#1651=B_SPLINE_SURFACE_WITH_KNOTS('',3,1,((#2506,#2507),(#2508,#2509),(#2510,
#2511),(#2512,#2513),(#2514,#2515)),.UNSPECIFIED.,.F.,.F.,.F.,(4,1,4),(2,
2),(0.,0.0816031116908631,0.183535358505528),(0.,0.2),.UNSPECIFIED.);
#1652=B_SPLINE_SURFACE_WITH_KNOTS('',3,1,((#2529,#2530),(#2531,#2532),(#2533,
#2534),(#2535,#2536),(#2537,#2538)),.UNSPECIFIED.,.F.,.F.,.F.,(4,1,4),(2,
2),(0.,0.0861880936234744,0.162310076937512),(0.,0.2),.UNSPECIFIED.);
#1653=B_SPLINE_SURFACE_WITH_KNOTS('',3,1,((#2558,#2559),(#2560,#2561),(#2562,
#2563),(#2564,#2565),(#2566,#2567)),.UNSPECIFIED.,.F.,.F.,.F.,(4,1,4),(2,
2),(0.,0.082079051829504,0.16663350865293),(0.,0.2),.UNSPECIFIED.);
#1654=B_SPLINE_SURFACE_WITH_KNOTS('',3,1,((#2581,#2582),(#2583,#2584),(#2585,
#2586),(#2587,#2588),(#2589,#2590)),.UNSPECIFIED.,.F.,.F.,.F.,(4,1,4),(2,
2),(0.,0.0871852690286734,0.169760903953229),(0.,0.2),.UNSPECIFIED.);
#1655=B_SPLINE_SURFACE_WITH_KNOTS('',3,1,((#2604,#2605),(#2606,#2607),(#2608,
#2609),(#2610,#2611),(#2612,#2613)),.UNSPECIFIED.,.F.,.F.,.F.,(4,1,4),(2,
2),(0.,0.10500378186879,0.200355052236041),(0.,0.2),.UNSPECIFIED.);
#1656=B_SPLINE_SURFACE_WITH_KNOTS('',3,1,((#2627,#2628),(#2629,#2630),(#2631,
#2632),(#2633,#2634),(#2635,#2636)),.UNSPECIFIED.,.F.,.F.,.F.,(4,1,4),(2,
2),(0.,0.0908187765500606,0.18754599550452),(0.,0.2),.UNSPECIFIED.);
#1657=B_SPLINE_SURFACE_WITH_KNOTS('',3,1,((#2650,#2651),(#2652,#2653),(#2654,
#2655),(#2656,#2657),(#2658,#2659)),.UNSPECIFIED.,.F.,.F.,.F.,(4,1,4),(2,
2),(0.,0.0784003304665297,0.16233227409106),(0.,0.2),.UNSPECIFIED.);
#1658=B_SPLINE_SURFACE_WITH_KNOTS('',3,1,((#2673,#2674),(#2675,#2676),(#2677,
#2678),(#2679,#2680),(#2681,#2682)),.UNSPECIFIED.,.F.,.F.,.F.,(4,1,4),(2,
2),(0.,0.0740272025235336,0.149548245104797),(0.,0.2),.UNSPECIFIED.);
#1659=B_SPLINE_SURFACE_WITH_KNOTS('',3,1,((#2696,#2697),(#2698,#2699),(#2700,
#2701),(#2702,#2703),(#2704,#2705)),.UNSPECIFIED.,.F.,.F.,.F.,(4,1,4),(2,
2),(0.,0.0645414736921776,0.130696654163142),(0.,0.2),.UNSPECIFIED.);
#1660=B_SPLINE_SURFACE_WITH_KNOTS('',3,1,((#2719,#2720),(#2721,#2722),(#2723,
#2724),(#2725,#2726),(#2727,#2728)),.UNSPECIFIED.,.F.,.F.,.F.,(4,1,4),(2,
2),(0.,0.0753214436412462,0.142900267346061),(0.,0.2),.UNSPECIFIED.);
#1661=B_SPLINE_SURFACE_WITH_KNOTS('',3,1,((#2742,#2743),(#2744,#2745),(#2746,
#2747),(#2748,#2749),(#2750,#2751)),.UNSPECIFIED.,.F.,.F.,.F.,(4,1,4),(2,
2),(0.,0.121485591167769,0.203186497456345),(0.,0.2),.UNSPECIFIED.);
#1662=B_SPLINE_SURFACE_WITH_KNOTS('',3,1,((#2765,#2766),(#2767,#2768),(#2769,
#2770),(#2771,#2772),(#2773,#2774)),.UNSPECIFIED.,.F.,.F.,.F.,(4,1,4),(2,
2),(0.,0.0676664955277013,0.184654115693228),(0.,0.2),.UNSPECIFIED.);
#1663=B_SPLINE_SURFACE_WITH_KNOTS('',3,1,((#2788,#2789),(#2790,#2791),(#2792,
#2793),(#2794,#2795),(#2796,#2797)),.UNSPECIFIED.,.F.,.F.,.F.,(4,1,4),(2,
2),(0.,0.0484904604479798,0.108625409671639),(0.,0.2),.UNSPECIFIED.);
#1664=B_SPLINE_SURFACE_WITH_KNOTS('',3,1,((#2811,#2812),(#2813,#2814),(#2815,
#2816),(#2817,#2818),(#2819,#2820)),.UNSPECIFIED.,.F.,.F.,.F.,(4,1,4),(2,
2),(0.,0.0446072943162931,0.0878672925911131),(0.,0.2),.UNSPECIFIED.);
#1665=B_SPLINE_SURFACE_WITH_KNOTS('',3,1,((#2834,#2835),(#2836,#2837),(#2838,
#2839),(#2840,#2841),(#2842,#2843)),.UNSPECIFIED.,.F.,.F.,.F.,(4,1,4),(2,
2),(0.,0.0461825631038037,0.0913346712934387),(0.,0.2),.UNSPECIFIED.);
#1666=B_SPLINE_SURFACE_WITH_KNOTS('',3,1,((#2857,#2858),(#2859,#2860),(#2861,
#2862),(#2863,#2864),(#2865,#2866)),.UNSPECIFIED.,.F.,.F.,.F.,(4,1,4),(2,
2),(0.,0.0571740327173634,0.107218912722934),(0.,0.2),.UNSPECIFIED.);
#1667=B_SPLINE_SURFACE_WITH_KNOTS('',3,1,((#2880,#2881),(#2882,#2883),(#2884,
#2885),(#2886,#2887),(#2888,#2889)),.UNSPECIFIED.,.F.,.F.,.F.,(4,1,4),(2,
2),(0.,0.0715041786668495,0.136161832468784),(0.,0.2),.UNSPECIFIED.);
#1668=B_SPLINE_SURFACE_WITH_KNOTS('',3,1,((#2903,#2904),(#2905,#2906),(#2907,
#2908),(#2909,#2910),(#2911,#2912)),.UNSPECIFIED.,.F.,.F.,.F.,(4,1,4),(2,
2),(0.,0.0758158829845135,0.157157560034864),(0.,0.2),.UNSPECIFIED.);
#1669=B_SPLINE_SURFACE_WITH_KNOTS('',3,1,((#2926,#2927),(#2928,#2929),(#2930,
#2931),(#2932,#2933),(#2934,#2935)),.UNSPECIFIED.,.F.,.F.,.F.,(4,1,4),(2,
2),(0.,0.0600096643542931,0.128468738880183),(0.,0.2),.UNSPECIFIED.);
#1670=B_SPLINE_SURFACE_WITH_KNOTS('',3,1,((#2949,#2950),(#2951,#2952),(#2953,
#2954),(#2955,#2956),(#2957,#2958)),.UNSPECIFIED.,.F.,.F.,.F.,(4,1,4),(2,
2),(0.,0.0698728946382331,0.130775192833849),(0.,0.2),.UNSPECIFIED.);
#1671=B_SPLINE_SURFACE_WITH_KNOTS('',3,1,((#2978,#2979),(#2980,#2981),(#2982,
#2983),(#2984,#2985),(#2986,#2987)),.UNSPECIFIED.,.F.,.F.,.F.,(4,1,4),(2,
2),(0.,0.0935652223288269,0.189827223855839),(0.,0.2),.UNSPECIFIED.);
#1672=B_SPLINE_SURFACE_WITH_KNOTS('',3,1,((#3045,#3046),(#3047,#3048),(#3049,
#3050),(#3051,#3052),(#3053,#3054)),.UNSPECIFIED.,.F.,.F.,.F.,(4,1,4),(2,
2),(0.,0.085607990245867,0.172388690958059),(0.,0.2),.UNSPECIFIED.);
#1673=B_SPLINE_SURFACE_WITH_KNOTS('',3,1,((#3068,#3069),(#3070,#3071),(#3072,
#3073),(#3074,#3075),(#3076,#3077)),.UNSPECIFIED.,.F.,.F.,.F.,(4,1,4),(2,
2),(0.,0.0893590531584283,0.171960096885728),(0.,0.2),.UNSPECIFIED.);
#1674=ADVANCED_FACE('',(#123),#1639,.F.);
#1675=ADVANCED_FACE('',(#124),#1640,.F.);
#1676=ADVANCED_FACE('',(#125),#1641,.F.);
#1677=ADVANCED_FACE('',(#126),#1642,.F.);
#1678=ADVANCED_FACE('',(#127),#1643,.F.);
#1679=ADVANCED_FACE('',(#128),#1644,.F.);
#1680=ADVANCED_FACE('',(#129),#1645,.F.);
#1681=ADVANCED_FACE('',(#130),#1646,.F.);
#1682=ADVANCED_FACE('',(#131),#1647,.F.);
#1683=ADVANCED_FACE('',(#132),#1648,.F.);
#1684=ADVANCED_FACE('',(#133),#1649,.F.);
#1685=ADVANCED_FACE('',(#134),#1650,.F.);
#1686=ADVANCED_FACE('',(#135),#1651,.F.);
#1687=ADVANCED_FACE('',(#136),#1652,.F.);
#1688=ADVANCED_FACE('',(#137),#71,.F.);
#1689=ADVANCED_FACE('',(#138),#1653,.F.);
#1690=ADVANCED_FACE('',(#139),#1654,.F.);
#1691=ADVANCED_FACE('',(#140),#1655,.F.);
#1692=ADVANCED_FACE('',(#141),#1656,.F.);
#1693=ADVANCED_FACE('',(#142),#1657,.F.);
#1694=ADVANCED_FACE('',(#143),#1658,.F.);
#1695=ADVANCED_FACE('',(#144),#1659,.F.);
#1696=ADVANCED_FACE('',(#145),#1660,.F.);
#1697=ADVANCED_FACE('',(#146),#1661,.F.);
#1698=ADVANCED_FACE('',(#147),#1662,.F.);
#1699=ADVANCED_FACE('',(#148),#1663,.F.);
#1700=ADVANCED_FACE('',(#149),#1664,.F.);
#1701=ADVANCED_FACE('',(#150),#1665,.F.);
#1702=ADVANCED_FACE('',(#151),#1666,.F.);
#1703=ADVANCED_FACE('',(#152),#1667,.F.);
#1704=ADVANCED_FACE('',(#153),#1668,.F.);
#1705=ADVANCED_FACE('',(#154),#1669,.F.);
#1706=ADVANCED_FACE('',(#155),#1670,.F.);
#1707=ADVANCED_FACE('',(#156),#72,.F.);
#1708=ADVANCED_FACE('',(#157),#1671,.F.);
#1709=ADVANCED_FACE('',(#158),#73,.T.);
#1710=ADVANCED_FACE('',(#159),#74,.F.);
#1711=ADVANCED_FACE('',(#160),#75,.F.);
#1712=ADVANCED_FACE('',(#161),#76,.F.);
#1713=ADVANCED_FACE('',(#162),#77,.F.);
#1714=ADVANCED_FACE('',(#163),#78,.F.);
#1715=ADVANCED_FACE('',(#164),#79,.F.);
#1716=ADVANCED_FACE('',(#165),#80,.F.);
#1717=ADVANCED_FACE('',(#166),#81,.F.);
#1718=ADVANCED_FACE('',(#167),#1672,.F.);
#1719=ADVANCED_FACE('',(#168),#1673,.F.);
#1720=ADVANCED_FACE('',(#169),#82,.F.);
#1721=ADVANCED_FACE('',(#170),#83,.F.);
#1722=ADVANCED_FACE('',(#171),#84,.F.);
#1723=ADVANCED_FACE('',(#172),#85,.F.);
#1724=ADVANCED_FACE('',(#173),#86,.T.);
#1725=ADVANCED_FACE('',(#174),#58,.F.);
#1726=ADVANCED_FACE('',(#175),#59,.F.);
#1727=ADVANCED_FACE('',(#176,#15),#87,.F.);
#1728=ADVANCED_FACE('',(#177),#88,.T.);
#1729=ADVANCED_FACE('',(#178),#89,.T.);
#1730=ADVANCED_FACE('',(#179),#90,.T.);
#1731=ADVANCED_FACE('',(#180),#91,.T.);
#1732=ADVANCED_FACE('',(#181),#92,.T.);
#1733=ADVANCED_FACE('',(#182),#93,.T.);
#1734=ADVANCED_FACE('',(#183),#94,.F.);
#1735=ADVANCED_FACE('',(#184),#95,.T.);
#1736=ADVANCED_FACE('',(#185),#60,.T.);
#1737=ADVANCED_FACE('',(#186),#96,.T.);
#1738=ADVANCED_FACE('',(#187),#97,.T.);
#1739=ADVANCED_FACE('',(#188),#98,.T.);
#1740=ADVANCED_FACE('',(#189),#99,.F.);
#1741=ADVANCED_FACE('',(#190),#100,.T.);
#1742=ADVANCED_FACE('',(#191),#61,.T.);
#1743=ADVANCED_FACE('',(#192),#62,.F.);
#1744=ADVANCED_FACE('',(#193),#101,.T.);
#1745=ADVANCED_FACE('',(#194),#63,.F.);
#1746=ADVANCED_FACE('',(#195),#102,.T.);
#1747=ADVANCED_FACE('',(#196),#64,.F.);
#1748=ADVANCED_FACE('',(#197),#103,.T.);
#1749=ADVANCED_FACE('',(#198),#65,.F.);
#1750=ADVANCED_FACE('',(#199),#104,.T.);
#1751=ADVANCED_FACE('',(#200),#105,.F.);
#1752=ADVANCED_FACE('',(#201),#106,.F.);
#1753=ADVANCED_FACE('',(#202),#107,.F.);
#1754=ADVANCED_FACE('',(#203),#108,.F.);
#1755=ADVANCED_FACE('',(#204,#16),#109,.T.);
#1756=ADVANCED_FACE('',(#205),#66,.F.);
#1757=ADVANCED_FACE('',(#206),#110,.F.);
#1758=ADVANCED_FACE('',(#207),#111,.F.);
#1759=ADVANCED_FACE('',(#208,#17,#18,#19,#20,#21),#112,.T.);
#1760=ADVANCED_FACE('',(#209),#113,.F.);
#1761=ADVANCED_FACE('',(#210),#114,.F.);
#1762=ADVANCED_FACE('',(#211),#115,.F.);
#1763=ADVANCED_FACE('',(#212),#116,.F.);
#1764=ADVANCED_FACE('',(#213),#67,.F.);
#1765=ADVANCED_FACE('',(#214),#117,.T.);
#1766=ADVANCED_FACE('',(#215),#68,.F.);
#1767=ADVANCED_FACE('',(#216),#118,.T.);
#1768=ADVANCED_FACE('',(#217),#119,.F.);
#1769=ADVANCED_FACE('',(#218),#120,.F.);
#1770=ADVANCED_FACE('',(#219),#69,.F.);
#1771=ADVANCED_FACE('',(#220,#22,#23,#24),#121,.T.);
#1772=ADVANCED_FACE('',(#221),#70,.F.);
#1773=ADVANCED_FACE('',(#222,#25,#26,#27,#28),#122,.T.);
#1774=CLOSED_SHELL('',(#1674,#1675,#1676,#1677,#1678,#1679,#1680,#1681,
#1682,#1683,#1684,#1685,#1686,#1687,#1688,#1689,#1690,#1691,#1692,#1693,
#1694,#1695,#1696,#1697,#1698,#1699,#1700,#1701,#1702,#1703,#1704,#1705,
#1706,#1707,#1708,#1709,#1710,#1711,#1712,#1713,#1714,#1715,#1716,#1717,
#1718,#1719,#1720,#1721,#1722,#1723,#1724,#1725,#1726,#1727,#1728,#1729,
#1730,#1731,#1732,#1733,#1734,#1735,#1736,#1737,#1738,#1739,#1740,#1741,
#1742,#1743,#1744,#1745,#1746,#1747,#1748,#1749,#1750,#1751,#1752,#1753,
#1754,#1755,#1756,#1757,#1758,#1759,#1760,#1761,#1762,#1763,#1764,#1765,
#1766,#1767,#1768,#1769,#1770,#1771,#1772,#1773));
#1775=DERIVED_UNIT_ELEMENT(#1777,1.);
#1776=DERIVED_UNIT_ELEMENT(#3345,-3.);
#1777=(
MASS_UNIT()
NAMED_UNIT(*)
SI_UNIT(.KILO.,.GRAM.)
);
#1778=DERIVED_UNIT((#1775,#1776));
#1779=MEASURE_REPRESENTATION_ITEM('density measure',
POSITIVE_RATIO_MEASURE(7850.),#1778);
#1780=PROPERTY_DEFINITION_REPRESENTATION(#1785,#1782);
#1781=PROPERTY_DEFINITION_REPRESENTATION(#1786,#1783);
#1782=REPRESENTATION('material name',(#1784),#3342);
#1783=REPRESENTATION('density',(#1779),#3342);
#1784=DESCRIPTIVE_REPRESENTATION_ITEM('Steel','Steel');
#1785=PROPERTY_DEFINITION('material property','material name',#3352);
#1786=PROPERTY_DEFINITION('material property','density of part',#3352);
#1787=AXIS2_PLACEMENT_3D('',#2226,#1882,#1883);
#1788=AXIS2_PLACEMENT_3D('',#2552,#1899,#1900);
#1789=AXIS2_PLACEMENT_3D('',#2972,#1922,#1923);
#1790=AXIS2_PLACEMENT_3D('',#2998,#1927,#1928);
#1791=AXIS2_PLACEMENT_3D('',#2999,#1929,#1930);
#1792=AXIS2_PLACEMENT_3D('',#3008,#1935,#1936);
#1793=AXIS2_PLACEMENT_3D('',#3014,#1940,#1941);
#1794=AXIS2_PLACEMENT_3D('',#3020,#1945,#1946);
#1795=AXIS2_PLACEMENT_3D('',#3023,#1949,#1950);
#1796=AXIS2_PLACEMENT_3D('',#3024,#1951,#1952);
#1797=AXIS2_PLACEMENT_3D('',#3033,#1957,#1958);
#1798=AXIS2_PLACEMENT_3D('',#3039,#1962,#1963);
#1799=AXIS2_PLACEMENT_3D('',#3091,#1969,#1970);
#1800=AXIS2_PLACEMENT_3D('',#3097,#1974,#1975);
#1801=AXIS2_PLACEMENT_3D('',#3103,#1979,#1980);
#1802=AXIS2_PLACEMENT_3D('',#3109,#1984,#1985);
#1803=AXIS2_PLACEMENT_3D('',#3112,#1988,#1989);
#1804=AXIS2_PLACEMENT_3D('',#3113,#1990,#1991);
#1805=AXIS2_PLACEMENT_3D('',#3116,#1992,#1993);
#1806=AXIS2_PLACEMENT_3D('',#3120,#1995,#1996);
#1807=AXIS2_PLACEMENT_3D('',#3122,#1998,#1999);
#1808=AXIS2_PLACEMENT_3D('',#3123,#2000,#2001);
#1809=AXIS2_PLACEMENT_3D('',#3125,#2002,#2003);
#1810=AXIS2_PLACEMENT_3D('',#3127,#2004,#2005);
#1811=AXIS2_PLACEMENT_3D('',#3129,#2006,#2007);
#1812=AXIS2_PLACEMENT_3D('',#3130,#2008,#2009);
#1813=AXIS2_PLACEMENT_3D('',#3131,#2010,#2011);
#1814=AXIS2_PLACEMENT_3D('',#3138,#2014,#2015);
#1815=AXIS2_PLACEMENT_3D('',#3148,#2021,#2022);
#1816=AXIS2_PLACEMENT_3D('',#3152,#2025,#2026);
#1817=AXIS2_PLACEMENT_3D('',#3156,#2029,#2030);
#1818=AXIS2_PLACEMENT_3D('',#3162,#2034,#2035);
#1819=AXIS2_PLACEMENT_3D('',#3171,#2040,#2041);
#1820=AXIS2_PLACEMENT_3D('',#3180,#2047,#2048);
#1821=AXIS2_PLACEMENT_3D('',#3189,#2053,#2054);
#1822=AXIS2_PLACEMENT_3D('',#3195,#2058,#2059);
#1823=AXIS2_PLACEMENT_3D('',#3198,#2061,#2062);
#1824=AXIS2_PLACEMENT_3D('',#3199,#2063,#2064);
#1825=AXIS2_PLACEMENT_3D('',#3200,#2065,#2066);
#1826=AXIS2_PLACEMENT_3D('',#3202,#2068,#2069);
#1827=AXIS2_PLACEMENT_3D('',#3208,#2073,#2074);
#1828=AXIS2_PLACEMENT_3D('',#3212,#2077,#2078);
#1829=AXIS2_PLACEMENT_3D('',#3216,#2081,#2082);
#1830=AXIS2_PLACEMENT_3D('',#3222,#2086,#2087);
#1831=AXIS2_PLACEMENT_3D('',#3223,#2088,#2089);
#1832=AXIS2_PLACEMENT_3D('',#3224,#2090,#2091);
#1833=AXIS2_PLACEMENT_3D('',#3225,#2092,#2093);
#1834=AXIS2_PLACEMENT_3D('',#3226,#2094,#2095);
#1835=AXIS2_PLACEMENT_3D('',#3227,#2096,#2097);
#1836=AXIS2_PLACEMENT_3D('',#3229,#2098,#2099);
#1837=AXIS2_PLACEMENT_3D('',#3232,#2101,#2102);
#1838=AXIS2_PLACEMENT_3D('',#3233,#2103,#2104);
#1839=AXIS2_PLACEMENT_3D('',#3234,#2105,#2106);
#1840=AXIS2_PLACEMENT_3D('',#3236,#2107,#2108);
#1841=AXIS2_PLACEMENT_3D('',#3239,#2110,#2111);
#1842=AXIS2_PLACEMENT_3D('',#3240,#2112,#2113);
#1843=AXIS2_PLACEMENT_3D('',#3241,#2114,#2115);
#1844=AXIS2_PLACEMENT_3D('',#3243,#2116,#2117);
#1845=AXIS2_PLACEMENT_3D('',#3246,#2119,#2120);
#1846=AXIS2_PLACEMENT_3D('',#3247,#2121,#2122);
#1847=AXIS2_PLACEMENT_3D('',#3248,#2123,#2124);
#1848=AXIS2_PLACEMENT_3D('',#3250,#2125,#2126);
#1849=AXIS2_PLACEMENT_3D('',#3253,#2128,#2129);
#1850=AXIS2_PLACEMENT_3D('',#3254,#2130,#2131);
#1851=AXIS2_PLACEMENT_3D('',#3255,#2132,#2133);
#1852=AXIS2_PLACEMENT_3D('',#3264,#2138,#2139);
#1853=AXIS2_PLACEMENT_3D('',#3270,#2143,#2144);
#1854=AXIS2_PLACEMENT_3D('',#3276,#2148,#2149);
#1855=AXIS2_PLACEMENT_3D('',#3279,#2152,#2153);
#1856=AXIS2_PLACEMENT_3D('',#3281,#2154,#2155);
#1857=AXIS2_PLACEMENT_3D('',#3282,#2156,#2157);
#1858=AXIS2_PLACEMENT_3D('',#3285,#2159,#2160);
#1859=AXIS2_PLACEMENT_3D('',#3286,#2161,#2162);
#1860=AXIS2_PLACEMENT_3D('',#3290,#2165,#2166);
#1861=AXIS2_PLACEMENT_3D('',#3292,#2168,#2169);
#1862=AXIS2_PLACEMENT_3D('',#3293,#2170,#2171);
#1863=AXIS2_PLACEMENT_3D('',#3299,#2175,#2176);
#1864=AXIS2_PLACEMENT_3D('',#3303,#2179,#2180);
#1865=AXIS2_PLACEMENT_3D('',#3307,#2183,#2184);
#1866=AXIS2_PLACEMENT_3D('',#3309,#2186,#2187);
#1867=AXIS2_PLACEMENT_3D('',#3311,#2188,#2189);
#1868=AXIS2_PLACEMENT_3D('',#3314,#2191,#2192);
#1869=AXIS2_PLACEMENT_3D('',#3315,#2193,#2194);
#1870=AXIS2_PLACEMENT_3D('',#3316,#2195,#2196);
#1871=AXIS2_PLACEMENT_3D('',#3318,#2197,#2198);
#1872=AXIS2_PLACEMENT_3D('',#3321,#2200,#2201);
#1873=AXIS2_PLACEMENT_3D('',#3322,#2202,#2203);
#1874=AXIS2_PLACEMENT_3D('',#3323,#2204,#2205);
#1875=AXIS2_PLACEMENT_3D('',#3329,#2209,#2210);
#1876=AXIS2_PLACEMENT_3D('',#3332,#2213,#2214);
#1877=AXIS2_PLACEMENT_3D('',#3333,#2215,#2216);
#1878=AXIS2_PLACEMENT_3D('',#3334,#2217,#2218);
#1879=AXIS2_PLACEMENT_3D('',#3335,#2219,#2220);
#1880=AXIS2_PLACEMENT_3D('',#3337,#2221,#2222);
#1881=AXIS2_PLACEMENT_3D('',#3339,#2224,#2225);
#1882=DIRECTION('axis',(0.,0.,1.));
#1883=DIRECTION('refdir',(1.,0.,0.));
#1884=DIRECTION('',(0.,0.,-1.));
#1885=DIRECTION('',(0.,0.,-1.));
#1886=DIRECTION('',(0.,0.,-1.));
#1887=DIRECTION('',(0.,0.,-1.));
#1888=DIRECTION('',(0.,0.,-1.));
#1889=DIRECTION('',(0.,0.,-1.));
#1890=DIRECTION('',(0.,0.,-1.));
#1891=DIRECTION('',(0.,0.,-1.));
#1892=DIRECTION('',(0.,0.,-1.));
#1893=DIRECTION('',(0.,0.,-1.));
#1894=DIRECTION('',(0.,0.,-1.));
#1895=DIRECTION('',(0.,0.,-1.));
#1896=DIRECTION('',(0.,0.,-1.));
#1897=DIRECTION('',(0.,0.,-1.));
#1898=DIRECTION('',(0.,0.,-1.));
#1899=DIRECTION('center_axis',(-0.0750569659329903,0.997179247610445,0.));
#1900=DIRECTION('ref_axis',(0.997179247610445,0.0750569659329903,0.));
#1901=DIRECTION('',(0.997179247610445,0.0750569659329903,0.));
#1902=DIRECTION('',(0.,0.,-1.));
#1903=DIRECTION('',(0.997179247610445,0.0750569659329903,0.));
#1904=DIRECTION('',(0.,0.,-1.));
#1905=DIRECTION('',(0.,0.,-1.));
#1906=DIRECTION('',(0.,0.,-1.));
#1907=DIRECTION('',(0.,0.,-1.));
#1908=DIRECTION('',(0.,0.,-1.));
#1909=DIRECTION('',(0.,0.,-1.));
#1910=DIRECTION('',(0.,0.,-1.));
#1911=DIRECTION('',(0.,0.,-1.));
#1912=DIRECTION('',(0.,0.,-1.));
#1913=DIRECTION('',(0.,0.,-1.));
#1914=DIRECTION('',(0.,0.,-1.));
#1915=DIRECTION('',(0.,0.,-1.));
#1916=DIRECTION('',(0.,0.,-1.));
#1917=DIRECTION('',(0.,0.,-1.));
#1918=DIRECTION('',(0.,0.,-1.));
#1919=DIRECTION('',(0.,0.,-1.));
#1920=DIRECTION('',(0.,0.,-1.));
#1921=DIRECTION('',(0.,0.,-1.));
#1922=DIRECTION('center_axis',(0.0870996580025376,-0.996199603280307,0.));
#1923=DIRECTION('ref_axis',(-0.996199603280307,-0.0870996580025376,0.));
#1924=DIRECTION('',(-0.996199603280307,-0.0870996580025376,0.));
#1925=DIRECTION('',(0.,0.,-1.));
#1926=DIRECTION('',(-0.996199603280307,-0.0870996580025376,0.));
#1927=DIRECTION('center_axis',(0.,0.,1.));
#1928=DIRECTION('ref_axis',(-1.,0.,0.));
#1929=DIRECTION('center_axis',(-1.,0.,0.));
#1930=DIRECTION('ref_axis',(0.,1.,0.));
#1931=DIRECTION('',(0.,1.,0.));
#1932=DIRECTION('',(0.,0.,-1.));
#1933=DIRECTION('',(0.,1.,0.));
#1934=DIRECTION('',(0.,0.,-1.));
#1935=DIRECTION('center_axis',(0.,-1.,0.));
#1936=DIRECTION('ref_axis',(-1.,0.,0.));
#1937=DIRECTION('',(-1.,0.,0.));
#1938=DIRECTION('',(0.,0.,-1.));
#1939=DIRECTION('',(-1.,0.,0.));
#1940=DIRECTION('center_axis',(1.,0.,0.));
#1941=DIRECTION('ref_axis',(0.,-1.,0.));
#1942=DIRECTION('',(0.,-1.,0.));
#1943=DIRECTION('',(0.,0.,-1.));
#1944=DIRECTION('',(0.,-1.,0.));
#1945=DIRECTION('center_axis',(0.,1.,0.));
#1946=DIRECTION('ref_axis',(1.,0.,0.));
#1947=DIRECTION('',(1.,0.,0.));
#1948=DIRECTION('',(1.,0.,0.));
#1949=DIRECTION('center_axis',(0.,0.,-1.));
#1950=DIRECTION('ref_axis',(-1.,0.,0.));
#1951=DIRECTION('center_axis',(-0.931167753769382,0.364591023394823,0.));
#1952=DIRECTION('ref_axis',(0.364591023394823,0.931167753769382,0.));
#1953=DIRECTION('',(0.364591023394823,0.931167753769382,0.));
#1954=DIRECTION('',(0.,0.,-1.));
#1955=DIRECTION('',(0.364591023394823,0.931167753769382,0.));
#1956=DIRECTION('',(0.,0.,-1.));
#1957=DIRECTION('center_axis',(0.,-1.,0.));
#1958=DIRECTION('ref_axis',(-1.,0.,0.));
#1959=DIRECTION('',(-1.,0.,0.));
#1960=DIRECTION('',(0.,0.,-1.));
#1961=DIRECTION('',(-1.,0.,0.));
#1962=DIRECTION('center_axis',(0.937302101854044,-0.34851796203351,0.));
#1963=DIRECTION('ref_axis',(-0.34851796203351,-0.937302101854044,0.));
#1964=DIRECTION('',(-0.34851796203351,-0.937302101854044,0.));
#1965=DIRECTION('',(0.,0.,-1.));
#1966=DIRECTION('',(-0.34851796203351,-0.937302101854044,0.));
#1967=DIRECTION('',(0.,0.,-1.));
#1968=DIRECTION('',(0.,0.,-1.));
#1969=DIRECTION('center_axis',(-0.941561753587568,-0.336840413521157,0.));
#1970=DIRECTION('ref_axis',(-0.336840413521157,0.941561753587568,0.));
#1971=DIRECTION('',(-0.336840413521157,0.941561753587568,0.));
#1972=DIRECTION('',(0.,0.,-1.));
#1973=DIRECTION('',(-0.336840413521157,0.941561753587568,0.));
#1974=DIRECTION('center_axis',(0.,-1.,0.));
#1975=DIRECTION('ref_axis',(-1.,0.,0.));
#1976=DIRECTION('',(-1.,0.,0.));
#1977=DIRECTION('',(0.,0.,-1.));
#1978=DIRECTION('',(-1.,0.,0.));
#1979=DIRECTION('center_axis',(0.932457515414647,0.361279645076695,0.));
#1980=DIRECTION('ref_axis',(0.361279645076695,-0.932457515414647,0.));
#1981=DIRECTION('',(0.361279645076695,-0.932457515414647,0.));
#1982=DIRECTION('',(0.,0.,-1.));
#1983=DIRECTION('',(0.361279645076695,-0.932457515414647,0.));
#1984=DIRECTION('center_axis',(0.,1.,0.));
#1985=DIRECTION('ref_axis',(1.,0.,0.));
#1986=DIRECTION('',(1.,0.,0.));
#1987=DIRECTION('',(1.,0.,0.));
#1988=DIRECTION('center_axis',(0.,0.,1.));
#1989=DIRECTION('ref_axis',(-1.,0.,0.));
#1990=DIRECTION('center_axis',(0.,0.,-1.));
#1991=DIRECTION('ref_axis',(-1.,0.,0.));
#1992=DIRECTION('center_axis',(0.,0.,1.));
#1993=DIRECTION('ref_axis',(-1.,0.,0.));
#1994=DIRECTION('',(0.,0.,-1.));
#1995=DIRECTION('center_axis',(0.,0.,-1.));
#1996=DIRECTION('ref_axis',(-1.,0.,0.));
#1997=DIRECTION('',(0.,0.,1.));
#1998=DIRECTION('center_axis',(0.,0.,1.));
#1999=DIRECTION('ref_axis',(1.,0.,0.));
#2000=DIRECTION('center_axis',(0.,0.,-1.));
#2001=DIRECTION('ref_axis',(1.,0.,0.));
#2002=DIRECTION('center_axis',(0.,0.,1.));
#2003=DIRECTION('ref_axis',(1.,0.,0.));
#2004=DIRECTION('center_axis',(0.,0.,1.));
#2005=DIRECTION('ref_axis',(1.,0.,0.));
#2006=DIRECTION('center_axis',(0.,0.,1.));
#2007=DIRECTION('ref_axis',(1.,0.,0.));
#2008=DIRECTION('center_axis',(0.,0.,1.));
#2009=DIRECTION('ref_axis',(1.,0.,0.));
#2010=DIRECTION('center_axis',(0.,0.,1.));
#2011=DIRECTION('ref_axis',(1.,0.,0.));
#2012=DIRECTION('',(-0.0207668046739739,-0.999784346658635,0.));
#2013=DIRECTION('',(-0.999782962558839,0.0208333333163831,0.));
#2014=DIRECTION('center_axis',(0.,0.,1.));
#2015=DIRECTION('ref_axis',(0.0208333333502813,-0.999782962558132,0.));
#2016=DIRECTION('',(0.999782962558132,0.0208333333502838,0.));
#2017=DIRECTION('',(0.0208333333816066,-0.99978296255748,0.));
#2018=DIRECTION('',(0.999782962558221,0.0208333333460347,0.));
#2019=DIRECTION('',(0.,1.,0.));
#2020=DIRECTION('',(-0.999782962558839,0.0208333333163831,0.));
#2021=DIRECTION('center_axis',(0.,0.,1.));
#2022=DIRECTION('ref_axis',(-1.,0.,0.));
#2023=DIRECTION('',(-1.,0.,0.));
#2024=DIRECTION('',(0.,-1.,0.));
#2025=DIRECTION('center_axis',(0.,0.,1.));
#2026=DIRECTION('ref_axis',(-1.,0.,0.));
#2027=DIRECTION('',(1.,0.,0.));
#2028=DIRECTION('',(0.,-1.,0.));
#2029=DIRECTION('center_axis',(0.,0.,1.));
#2030=DIRECTION('ref_axis',(-1.,0.,0.));
#2031=DIRECTION('',(1.,0.,0.));
#2032=DIRECTION('',(0.,1.,0.));
#2033=DIRECTION('',(-1.,0.,0.));
#2034=DIRECTION('center_axis',(0.196116135138184,0.,0.98058067569092));
#2035=DIRECTION('ref_axis',(0.98058067569092,0.,-0.196116135138184));
#2036=DIRECTION('',(-0.980376035897281,0.0204289345749282,0.196075207179456));
#2037=DIRECTION('',(0.,-1.,0.));
#2038=DIRECTION('',(0.98058067569092,0.,-0.196116135138184));
#2039=DIRECTION('',(0.,1.,0.));
#2040=DIRECTION('center_axis',(0.0208333333163831,0.999782962558839,0.));
#2041=DIRECTION('ref_axis',(-0.999782962558839,0.0208333333163831,0.));
#2042=DIRECTION('',(0.999782962558839,-0.0208333333163831,0.));
#2043=DIRECTION('',(0.,0.,1.));
#2044=DIRECTION('',(0.993668024717863,-0.0207059111227462,-0.110431525833334));
#2045=DIRECTION('',(0.,0.,1.));
#2046=DIRECTION('',(-0.999782962558839,0.0208333333163831,0.));
#2047=DIRECTION('center_axis',(0.196116135138184,0.,0.98058067569092));
#2048=DIRECTION('ref_axis',(0.98058067569092,0.,-0.196116135138184));
#2049=DIRECTION('',(0.980376035896615,0.0204289346081714,-0.196075207179323));
#2050=DIRECTION('',(0.,1.,0.));
#2051=DIRECTION('',(-0.98058067569092,8.70930594923642E-17,0.196116135138184));
#2052=DIRECTION('',(0.,-1.,0.));
#2053=DIRECTION('center_axis',(-8.88178419700125E-17,-1.,0.));
#2054=DIRECTION('ref_axis',(-1.,8.88178419700125E-17,0.));
#2055=DIRECTION('',(0.,0.,-1.));
#2056=DIRECTION('',(-1.,8.88178419700125E-17,0.));
#2057=DIRECTION('',(0.,0.,-1.));
#2058=DIRECTION('center_axis',(0.,0.,1.));
#2059=DIRECTION('ref_axis',(-1.,0.,0.));
#2060=DIRECTION('',(-0.999782962558132,-0.0208333333502838,0.));
#2061=DIRECTION('center_axis',(0.,0.,-1.));
#2062=DIRECTION('ref_axis',(0.0208333333502813,-0.999782962558132,0.));
#2063=DIRECTION('center_axis',(0.,0.,1.));
#2064=DIRECTION('ref_axis',(0.,-1.,0.));
#2065=DIRECTION('center_axis',(0.,0.,1.));
#2066=DIRECTION('ref_axis',(0.0208333333502813,-0.999782962558132,0.));
#2067=DIRECTION('',(0.,0.,1.));
#2068=DIRECTION('center_axis',(0.0208333333502838,-0.999782962558132,0.));
#2069=DIRECTION('ref_axis',(0.999782962558132,0.0208333333502838,0.));
#2070=DIRECTION('',(0.999782962558132,0.0208333333502838,0.));
#2071=DIRECTION('',(0.,0.,1.));
#2072=DIRECTION('',(-0.993668024690331,-0.0207059111558805,0.110431526074847));
#2073=DIRECTION('center_axis',(-0.110407711147256,0.0022933099318452,-0.993883734673619));
#2074=DIRECTION('ref_axis',(-0.993886348235603,0.,0.110408001480408));
#2075=DIRECTION('',(-0.993668024717863,0.0207059111227463,0.110431525833334));
#2076=DIRECTION('',(0.0207668046739739,0.999784346658635,0.));
#2077=DIRECTION('center_axis',(-0.110407558298854,-0.00230065679855686,
-0.993883734673619));
#2078=DIRECTION('ref_axis',(-0.99388636500815,0.,0.110407850494815));
#2079=DIRECTION('',(-0.0208333333816066,0.99978296255748,0.));
#2080=DIRECTION('',(0.99366802469042,0.0207059111516575,-0.110431526074847));
#2081=DIRECTION('center_axis',(0.0208333333460347,-0.999782962558221,0.));
#2082=DIRECTION('ref_axis',(0.999782962558221,0.0208333333460347,0.));
#2083=DIRECTION('',(0.,0.,1.));
#2084=DIRECTION('',(0.999782962558221,0.0208333333460347,0.));
#2085=DIRECTION('',(0.,0.,1.));
#2086=DIRECTION('center_axis',(0.,0.,-1.));
#2087=DIRECTION('ref_axis',(1.,0.,0.));
#2088=DIRECTION('center_axis',(0.,0.,1.));
#2089=DIRECTION('ref_axis',(0.0208333333163808,0.999782962558839,0.));
#2090=DIRECTION('center_axis',(0.,0.,-1.));
#2091=DIRECTION('ref_axis',(0.0208333333444101,-0.999782962558255,0.));
#2092=DIRECTION('center_axis',(0.,0.,1.));
#2093=DIRECTION('ref_axis',(-1.,-1.69545006689058E-11,0.));
#2094=DIRECTION('center_axis',(0.,0.,1.));
#2095=DIRECTION('ref_axis',(0.0208333333163808,0.999782962558839,0.));
#2096=DIRECTION('center_axis',(0.,0.,1.));
#2097=DIRECTION('ref_axis',(1.,0.,0.));
#2098=DIRECTION('center_axis',(0.,0.,1.));
#2099=DIRECTION('ref_axis',(1.,0.,0.));
#2100=DIRECTION('',(0.,0.,1.));
#2101=DIRECTION('center_axis',(0.,0.,1.));
#2102=DIRECTION('ref_axis',(1.,0.,0.));
#2103=DIRECTION('center_axis',(0.,0.,-1.));
#2104=DIRECTION('ref_axis',(1.,0.,0.));
#2105=DIRECTION('center_axis',(0.,0.,1.));
#2106=DIRECTION('ref_axis',(1.,0.,0.));
#2107=DIRECTION('center_axis',(0.,0.,1.));
#2108=DIRECTION('ref_axis',(1.,0.,0.));
#2109=DIRECTION('',(0.,0.,1.));
#2110=DIRECTION('center_axis',(0.,0.,1.));
#2111=DIRECTION('ref_axis',(1.,0.,0.));
#2112=DIRECTION('center_axis',(0.,0.,-1.));
#2113=DIRECTION('ref_axis',(1.,0.,0.));
#2114=DIRECTION('center_axis',(0.,0.,1.));
#2115=DIRECTION('ref_axis',(1.,0.,0.));
#2116=DIRECTION('center_axis',(0.,0.,1.));
#2117=DIRECTION('ref_axis',(1.,0.,0.));
#2118=DIRECTION('',(0.,0.,1.));
#2119=DIRECTION('center_axis',(0.,0.,1.));
#2120=DIRECTION('ref_axis',(1.,0.,0.));
#2121=DIRECTION('center_axis',(0.,0.,-1.));
#2122=DIRECTION('ref_axis',(1.,0.,0.));
#2123=DIRECTION('center_axis',(0.,0.,1.));
#2124=DIRECTION('ref_axis',(1.,0.,0.));
#2125=DIRECTION('center_axis',(0.,0.,1.));
#2126=DIRECTION('ref_axis',(1.,0.,0.));
#2127=DIRECTION('',(0.,0.,1.));
#2128=DIRECTION('center_axis',(0.,0.,1.));
#2129=DIRECTION('ref_axis',(1.,0.,0.));
#2130=DIRECTION('center_axis',(0.,0.,-1.));
#2131=DIRECTION('ref_axis',(1.,0.,0.));
#2132=DIRECTION('center_axis',(1.,0.,0.));
#2133=DIRECTION('ref_axis',(0.,1.,0.));
#2134=DIRECTION('',(0.,0.,1.));
#2135=DIRECTION('',(0.,1.,0.));
#2136=DIRECTION('',(0.,0.,1.));
#2137=DIRECTION('',(0.,1.,0.));
#2138=DIRECTION('center_axis',(0.,-1.,0.));
#2139=DIRECTION('ref_axis',(1.,0.,0.));
#2140=DIRECTION('',(0.,0.,1.));
#2141=DIRECTION('',(1.,0.,0.));
#2142=DIRECTION('',(1.,0.,0.));
#2143=DIRECTION('center_axis',(0.,1.,0.));
#2144=DIRECTION('ref_axis',(-1.,0.,0.));
#2145=DIRECTION('',(-1.,0.,0.));
#2146=DIRECTION('',(0.,0.,1.));
#2147=DIRECTION('',(-1.,0.,0.));
#2148=DIRECTION('center_axis',(-1.,0.,0.));
#2149=DIRECTION('ref_axis',(0.,-1.,0.));
#2150=DIRECTION('',(0.,-1.,0.));
#2151=DIRECTION('',(0.,-1.,0.));
#2152=DIRECTION('center_axis',(0.,0.,-1.));
#2153=DIRECTION('ref_axis',(1.,0.,0.));
#2154=DIRECTION('center_axis',(0.,0.,-1.));
#2155=DIRECTION('ref_axis',(1.,0.,0.));
#2156=DIRECTION('center_axis',(0.,0.,1.));
#2157=DIRECTION('ref_axis',(-0.999999999980541,6.23839586828838E-6,0.));
#2158=DIRECTION('',(0.,0.,1.));
#2159=DIRECTION('center_axis',(0.,0.,1.));
#2160=DIRECTION('ref_axis',(0.0208333333444101,-0.999782962558255,0.));
#2161=DIRECTION('center_axis',(0.0208333333163831,0.999782962558839,0.));
#2162=DIRECTION('ref_axis',(-0.999782962558839,0.0208333333163831,0.));
#2163=DIRECTION('',(0.,0.,1.));
#2164=DIRECTION('',(-0.999782962558839,0.0208333333163831,0.));
#2165=DIRECTION('center_axis',(1.,0.,0.));
#2166=DIRECTION('ref_axis',(0.,1.,0.));
#2167=DIRECTION('',(0.,1.,0.));
#2168=DIRECTION('center_axis',(0.,0.,-1.));
#2169=DIRECTION('ref_axis',(1.,0.,0.));
#2170=DIRECTION('center_axis',(-1.,0.,0.));
#2171=DIRECTION('ref_axis',(0.,1.,0.));
#2172=DIRECTION('',(0.,1.,0.));
#2173=DIRECTION('',(0.,0.,-1.));
#2174=DIRECTION('',(0.,0.,-1.));
#2175=DIRECTION('center_axis',(0.,-1.,0.));
#2176=DIRECTION('ref_axis',(-1.,0.,0.));
#2177=DIRECTION('',(-1.,0.,0.));
#2178=DIRECTION('',(0.,0.,-1.));
#2179=DIRECTION('center_axis',(1.,0.,0.));
#2180=DIRECTION('ref_axis',(0.,-1.,0.));
#2181=DIRECTION('',(0.,-1.,0.));
#2182=DIRECTION('',(0.,0.,-1.));
#2183=DIRECTION('center_axis',(0.,1.,0.));
#2184=DIRECTION('ref_axis',(1.,0.,0.));
#2185=DIRECTION('',(1.,0.,0.));
#2186=DIRECTION('center_axis',(0.,0.,-1.));
#2187=DIRECTION('ref_axis',(-1.,0.,0.));
#2188=DIRECTION('center_axis',(0.,0.,-1.));
#2189=DIRECTION('ref_axis',(-1.,0.,0.));
#2190=DIRECTION('',(0.,0.,-1.));
#2191=DIRECTION('center_axis',(0.,0.,-1.));
#2192=DIRECTION('ref_axis',(-1.,0.,0.));
#2193=DIRECTION('center_axis',(0.,0.,1.));
#2194=DIRECTION('ref_axis',(-1.,0.,0.));
#2195=DIRECTION('center_axis',(0.,0.,-1.));
#2196=DIRECTION('ref_axis',(-1.,0.,0.));
#2197=DIRECTION('center_axis',(0.,0.,-1.));
#2198=DIRECTION('ref_axis',(-1.,0.,0.));
#2199=DIRECTION('',(0.,0.,-1.));
#2200=DIRECTION('center_axis',(0.,0.,-1.));
#2201=DIRECTION('ref_axis',(-1.,0.,0.));
#2202=DIRECTION('center_axis',(0.,0.,1.));
#2203=DIRECTION('ref_axis',(-1.,0.,0.));
#2204=DIRECTION('center_axis',(0.,1.,0.));
#2205=DIRECTION('ref_axis',(1.,0.,0.));
#2206=DIRECTION('',(0.,0.,-1.));
#2207=DIRECTION('',(1.,0.,0.));
#2208=DIRECTION('',(0.,0.,-1.));
#2209=DIRECTION('center_axis',(-1.,0.,0.));
#2210=DIRECTION('ref_axis',(0.,1.,0.));
#2211=DIRECTION('',(0.,1.,0.));
#2212=DIRECTION('',(0.,1.,0.));
#2213=DIRECTION('center_axis',(0.,0.,-1.));
#2214=DIRECTION('ref_axis',(0.,-1.,0.));
#2215=DIRECTION('center_axis',(0.,0.,-1.));
#2216=DIRECTION('ref_axis',(0.,-1.,0.));
#2217=DIRECTION('center_axis',(0.,0.,1.));
#2218=DIRECTION('ref_axis',(-1.,0.,0.));
#2219=DIRECTION('center_axis',(0.,0.,1.));
#2220=DIRECTION('ref_axis',(1.,0.,0.));
#2221=DIRECTION('center_axis',(0.,0.,-1.));
#2222=DIRECTION('ref_axis',(1.,0.,0.));
#2223=DIRECTION('',(0.,0.,-1.));
#2224=DIRECTION('center_axis',(0.,0.,1.));
#2225=DIRECTION('ref_axis',(1.,0.,0.));
#2226=CARTESIAN_POINT('',(0.,0.,0.));
#2227=CARTESIAN_POINT('Ctrl Pts',(57.1645676577464,4.71129298210144,28.));
#2228=CARTESIAN_POINT('Ctrl Pts',(57.1645676577464,4.71129298210144,26.));
#2229=CARTESIAN_POINT('Ctrl Pts',(57.4527151037507,4.56458256322806,28.));
#2230=CARTESIAN_POINT('Ctrl Pts',(57.4527151037507,4.56458256322806,26.));
#2231=CARTESIAN_POINT('Ctrl Pts',(58.0214799100715,4.27499567244402,28.));
#2232=CARTESIAN_POINT('Ctrl Pts',(58.0214799100715,4.27499567244402,26.));
#2233=CARTESIAN_POINT('Ctrl Pts',(58.4114527708509,3.77009026912205,28.));
#2234=CARTESIAN_POINT('Ctrl Pts',(58.4114527708509,3.77009026912205,26.));
#2235=CARTESIAN_POINT('Ctrl Pts',(58.6038577044383,3.52097988128662,28.));
#2236=CARTESIAN_POINT('Ctrl Pts',(58.6038577044383,3.52097988128662,26.));
#2237=CARTESIAN_POINT('',(57.1645676577464,4.71129298210144,28.));
#2238=CARTESIAN_POINT('',(58.6038577044383,3.52097988128662,28.));
#2239=CARTESIAN_POINT('Ctrl Pts',(57.1645676577464,4.71129298210144,28.));
#2240=CARTESIAN_POINT('Ctrl Pts',(57.4527151037507,4.56458256322806,28.));
#2241=CARTESIAN_POINT('Ctrl Pts',(58.0214799100715,4.27499567244402,28.));
#2242=CARTESIAN_POINT('Ctrl Pts',(58.4114527708509,3.77009026912205,28.));
#2243=CARTESIAN_POINT('Ctrl Pts',(58.6038577044383,3.52097988128662,28.));
#2244=CARTESIAN_POINT('',(57.1645676577464,4.71129298210144,26.));
#2245=CARTESIAN_POINT('',(57.1645676577464,4.71129298210144,28.));
#2246=CARTESIAN_POINT('',(58.6038577044383,3.52097988128662,26.));
#2247=CARTESIAN_POINT('Ctrl Pts',(57.1645676577464,4.71129298210144,26.));
#2248=CARTESIAN_POINT('Ctrl Pts',(57.4527151037507,4.56458256322806,26.));
#2249=CARTESIAN_POINT('Ctrl Pts',(58.0214799100715,4.27499567244402,26.));
#2250=CARTESIAN_POINT('Ctrl Pts',(58.4114527708509,3.77009026912205,26.));
#2251=CARTESIAN_POINT('Ctrl Pts',(58.6038577044383,3.52097988128662,26.));
#2252=CARTESIAN_POINT('',(58.6038577044383,3.52097988128662,28.));
#2253=CARTESIAN_POINT('Ctrl Pts',(54.8896705592051,5.10692834854126,28.));
#2254=CARTESIAN_POINT('Ctrl Pts',(54.8896705592051,5.10692834854126,26.));
#2255=CARTESIAN_POINT('Ctrl Pts',(55.3095478405387,5.09627131428021,28.));
#2256=CARTESIAN_POINT('Ctrl Pts',(55.3095478405387,5.09627131428021,26.));
#2257=CARTESIAN_POINT('Ctrl Pts',(56.0882638679459,5.07650648357218,28.));
#2258=CARTESIAN_POINT('Ctrl Pts',(56.0882638679459,5.07650648357218,26.));
#2259=CARTESIAN_POINT('Ctrl Pts',(56.8250503779371,4.82649864777318,28.));
#2260=CARTESIAN_POINT('Ctrl Pts',(56.8250503779371,4.82649864777318,26.));
#2261=CARTESIAN_POINT('Ctrl Pts',(57.1645676577464,4.71129298210144,28.));
#2262=CARTESIAN_POINT('Ctrl Pts',(57.1645676577464,4.71129298210144,26.));
#2263=CARTESIAN_POINT('',(54.8896705592051,5.10692834854126,28.));
#2264=CARTESIAN_POINT('Ctrl Pts',(54.8896705592051,5.10692834854126,28.));
#2265=CARTESIAN_POINT('Ctrl Pts',(55.3095478405387,5.09627131428021,28.));
#2266=CARTESIAN_POINT('Ctrl Pts',(56.0882638679459,5.07650648357218,28.));
#2267=CARTESIAN_POINT('Ctrl Pts',(56.8250503779371,4.82649864777318,28.));
#2268=CARTESIAN_POINT('Ctrl Pts',(57.1645676577464,4.71129298210144,28.));
#2269=CARTESIAN_POINT('',(54.8896705592051,5.10692834854126,26.));
#2270=CARTESIAN_POINT('',(54.8896705592051,5.10692834854126,28.));
#2271=CARTESIAN_POINT('Ctrl Pts',(54.8896705592051,5.10692834854126,26.));
#2272=CARTESIAN_POINT('Ctrl Pts',(55.3095478405387,5.09627131428021,26.));
#2273=CARTESIAN_POINT('Ctrl Pts',(56.0882638679459,5.07650648357218,26.));
#2274=CARTESIAN_POINT('Ctrl Pts',(56.8250503779371,4.82649864777318,26.));
#2275=CARTESIAN_POINT('Ctrl Pts',(57.1645676577464,4.71129298210144,26.));
#2276=CARTESIAN_POINT('Ctrl Pts',(52.9626571619883,4.71470475196838,28.));
#2277=CARTESIAN_POINT('Ctrl Pts',(52.9626571619883,4.71470475196838,26.));
#2278=CARTESIAN_POINT('Ctrl Pts',(53.262540109078,4.82906847500427,28.));
#2279=CARTESIAN_POINT('Ctrl Pts',(53.262540109078,4.82906847500427,26.));
#2280=CARTESIAN_POINT('Ctrl Pts',(53.8829337883163,5.06566255810966,28.));
#2281=CARTESIAN_POINT('Ctrl Pts',(53.8829337883163,5.06566255810966,26.));
#2282=CARTESIAN_POINT('Ctrl Pts',(54.5467346184087,5.09287152348671,28.));
#2283=CARTESIAN_POINT('Ctrl Pts',(54.5467346184087,5.09287152348671,26.));
#2284=CARTESIAN_POINT('Ctrl Pts',(54.8896705592051,5.10692834854126,28.));
#2285=CARTESIAN_POINT('Ctrl Pts',(54.8896705592051,5.10692834854126,26.));
#2286=CARTESIAN_POINT('',(52.9626571619883,4.71470475196838,28.));
#2287=CARTESIAN_POINT('Ctrl Pts',(52.9626571619883,4.71470475196838,28.));
#2288=CARTESIAN_POINT('Ctrl Pts',(53.262540109078,4.82906847500427,28.));
#2289=CARTESIAN_POINT('Ctrl Pts',(53.8829337883163,5.06566255810966,28.));
#2290=CARTESIAN_POINT('Ctrl Pts',(54.5467346184087,5.09287152348671,28.));
#2291=CARTESIAN_POINT('Ctrl Pts',(54.8896705592051,5.10692834854126,28.));
#2292=CARTESIAN_POINT('',(52.9626571619883,4.71470475196838,26.));
#2293=CARTESIAN_POINT('',(52.9626571619883,4.71470475196838,28.));
#2294=CARTESIAN_POINT('Ctrl Pts',(52.9626571619883,4.71470475196838,26.));
#2295=CARTESIAN_POINT('Ctrl Pts',(53.262540109078,4.82906847500427,26.));
#2296=CARTESIAN_POINT('Ctrl Pts',(53.8829337883163,5.06566255810966,26.));
#2297=CARTESIAN_POINT('Ctrl Pts',(54.5467346184087,5.09287152348671,26.));
#2298=CARTESIAN_POINT('Ctrl Pts',(54.8896705592051,5.10692834854126,26.));
#2299=CARTESIAN_POINT('Ctrl Pts',(51.6495596850291,3.61647725105286,28.));
#2300=CARTESIAN_POINT('Ctrl Pts',(51.6495596850291,3.61647725105286,26.));
#2301=CARTESIAN_POINT('Ctrl Pts',(51.8225861087824,3.84056009387712,28.));
#2302=CARTESIAN_POINT('Ctrl Pts',(51.8225861087824,3.84056009387712,26.));
#2303=CARTESIAN_POINT('Ctrl Pts',(52.179332811822,4.30257516447289,28.));
#2304=CARTESIAN_POINT('Ctrl Pts',(52.179332811822,4.30257516447289,26.));
#2305=CARTESIAN_POINT('Ctrl Pts',(52.696382675127,4.57461004610683,28.));
#2306=CARTESIAN_POINT('Ctrl Pts',(52.696382675127,4.57461004610683,26.));
#2307=CARTESIAN_POINT('Ctrl Pts',(52.9626571619883,4.71470475196838,28.));
#2308=CARTESIAN_POINT('Ctrl Pts',(52.9626571619883,4.71470475196838,26.));
#2309=CARTESIAN_POINT('',(51.6495596850291,3.61647725105286,28.));
#2310=CARTESIAN_POINT('Ctrl Pts',(51.6495596850291,3.61647725105286,28.));
#2311=CARTESIAN_POINT('Ctrl Pts',(51.8225861087824,3.84056009387712,28.));
#2312=CARTESIAN_POINT('Ctrl Pts',(52.179332811822,4.30257516447289,28.));
#2313=CARTESIAN_POINT('Ctrl Pts',(52.696382675127,4.57461004610683,28.));
#2314=CARTESIAN_POINT('Ctrl Pts',(52.9626571619883,4.71470475196838,28.));
#2315=CARTESIAN_POINT('',(51.6495596850291,3.61647725105286,26.));
#2316=CARTESIAN_POINT('',(51.6495596850291,3.61647725105286,28.));
#2317=CARTESIAN_POINT('Ctrl Pts',(51.6495596850291,3.61647725105286,26.));
#2318=CARTESIAN_POINT('Ctrl Pts',(51.8225861087824,3.84056009387712,26.));
#2319=CARTESIAN_POINT('Ctrl Pts',(52.179332811822,4.30257516447289,26.));
#2320=CARTESIAN_POINT('Ctrl Pts',(52.696382675127,4.57461004610683,26.));
#2321=CARTESIAN_POINT('Ctrl Pts',(52.9626571619883,4.71470475196838,26.));
#2322=CARTESIAN_POINT('Ctrl Pts',(51.1925351107493,2.11238503456116,28.));
#2323=CARTESIAN_POINT('Ctrl Pts',(51.1925351107493,2.11238503456116,26.));
#2324=CARTESIAN_POINT('Ctrl Pts',(51.2126166887456,2.37617094988337,28.));
#2325=CARTESIAN_POINT('Ctrl Pts',(51.2126166887456,2.37617094988337,26.));
#2326=CARTESIAN_POINT('Ctrl Pts',(51.2533473824793,2.91119779539598,28.));
#2327=CARTESIAN_POINT('Ctrl Pts',(51.2533473824793,2.91119779539598,26.));
#2328=CARTESIAN_POINT('Ctrl Pts',(51.516267748113,3.37921035119474,28.));
#2329=CARTESIAN_POINT('Ctrl Pts',(51.516267748113,3.37921035119474,26.));
#2330=CARTESIAN_POINT('Ctrl Pts',(51.6495596850291,3.61647725105286,28.));
#2331=CARTESIAN_POINT('Ctrl Pts',(51.6495596850291,3.61647725105286,26.));
#2332=CARTESIAN_POINT('',(51.1925351107493,2.11238503456116,28.));
#2333=CARTESIAN_POINT('Ctrl Pts',(51.1925351107493,2.11238503456116,28.));
#2334=CARTESIAN_POINT('Ctrl Pts',(51.2126166887456,2.37617094988337,28.));
#2335=CARTESIAN_POINT('Ctrl Pts',(51.2533473824793,2.91119779539598,28.));
#2336=CARTESIAN_POINT('Ctrl Pts',(51.516267748113,3.37921035119474,28.));
#2337=CARTESIAN_POINT('Ctrl Pts',(51.6495596850291,3.61647725105286,28.));
#2338=CARTESIAN_POINT('',(51.1925351107493,2.11238503456116,26.));
#2339=CARTESIAN_POINT('',(51.1925351107493,2.11238503456116,28.));
#2340=CARTESIAN_POINT('Ctrl Pts',(51.1925351107493,2.11238503456116,26.));
#2341=CARTESIAN_POINT('Ctrl Pts',(51.2126166887456,2.37617094988337,26.));
#2342=CARTESIAN_POINT('Ctrl Pts',(51.2533473824793,2.91119779539598,26.));
#2343=CARTESIAN_POINT('Ctrl Pts',(51.516267748113,3.37921035119474,26.));
#2344=CARTESIAN_POINT('Ctrl Pts',(51.6495596850291,3.61647725105286,26.));
#2345=CARTESIAN_POINT('Ctrl Pts',(51.6086327517405,0.690147876739502,28.));
#2346=CARTESIAN_POINT('Ctrl Pts',(51.6086327517405,0.690147876739502,26.));
#2347=CARTESIAN_POINT('Ctrl Pts',(51.4872856892665,0.906427825049754,28.));
#2348=CARTESIAN_POINT('Ctrl Pts',(51.4872856892665,0.906427825049754,26.));
#2349=CARTESIAN_POINT('Ctrl Pts',(51.2394266321478,1.34819331132453,28.));
#2350=CARTESIAN_POINT('Ctrl Pts',(51.2394266321478,1.34819331132453,26.));
#2351=CARTESIAN_POINT('Ctrl Pts',(51.2083812609153,1.85414012288269,28.));
#2352=CARTESIAN_POINT('Ctrl Pts',(51.2083812609153,1.85414012288269,26.));
#2353=CARTESIAN_POINT('Ctrl Pts',(51.1925351107493,2.11238503456116,28.));
#2354=CARTESIAN_POINT('Ctrl Pts',(51.1925351107493,2.11238503456116,26.));
#2355=CARTESIAN_POINT('',(51.6086327517405,0.690147876739502,28.));
#2356=CARTESIAN_POINT('Ctrl Pts',(51.6086327517405,0.690147876739502,28.));
#2357=CARTESIAN_POINT('Ctrl Pts',(51.4872856892665,0.906427825049754,28.));
#2358=CARTESIAN_POINT('Ctrl Pts',(51.2394266321478,1.34819331132453,28.));
#2359=CARTESIAN_POINT('Ctrl Pts',(51.2083812609153,1.85414012288269,28.));
#2360=CARTESIAN_POINT('Ctrl Pts',(51.1925351107493,2.11238503456116,28.));
#2361=CARTESIAN_POINT('',(51.6086327517405,0.690147876739502,26.));
#2362=CARTESIAN_POINT('',(51.6086327517405,0.690147876739502,28.));
#2363=CARTESIAN_POINT('Ctrl Pts',(51.6086327517405,0.690147876739502,26.));
#2364=CARTESIAN_POINT('Ctrl Pts',(51.4872856892665,0.906427825049754,26.));
#2365=CARTESIAN_POINT('Ctrl Pts',(51.2394266321478,1.34819331132453,26.));
#2366=CARTESIAN_POINT('Ctrl Pts',(51.2083812609153,1.85414012288269,26.));
#2367=CARTESIAN_POINT('Ctrl Pts',(51.1925351107493,2.11238503456116,26.));
#2368=CARTESIAN_POINT('Ctrl Pts',(52.8978549921885,-0.329633951187134,28.));
#2369=CARTESIAN_POINT('Ctrl Pts',(52.8978549921885,-0.329633951187134,26.));
#2370=CARTESIAN_POINT('Ctrl Pts',(52.6313732627832,-0.194353388020592,28.));
#2371=CARTESIAN_POINT('Ctrl Pts',(52.6313732627832,-0.194353388020592,26.));
#2372=CARTESIAN_POINT('Ctrl Pts',(52.1319724751707,0.0591695080699228,28.));
#2373=CARTESIAN_POINT('Ctrl Pts',(52.1319724751707,0.0591695080699228,26.));
#2374=CARTESIAN_POINT('Ctrl Pts',(51.7750843318794,0.489461130069211,28.));
#2375=CARTESIAN_POINT('Ctrl Pts',(51.7750843318794,0.489461130069211,26.));
#2376=CARTESIAN_POINT('Ctrl Pts',(51.6086327517405,0.690147876739502,28.));
#2377=CARTESIAN_POINT('Ctrl Pts',(51.6086327517405,0.690147876739502,26.));
#2378=CARTESIAN_POINT('',(52.8978549921885,-0.329633951187134,28.));
#2379=CARTESIAN_POINT('Ctrl Pts',(52.8978549921885,-0.329633951187134,28.));
#2380=CARTESIAN_POINT('Ctrl Pts',(52.6313732627832,-0.194353388020592,28.));
#2381=CARTESIAN_POINT('Ctrl Pts',(52.1319724751707,0.0591695080699228,28.));
#2382=CARTESIAN_POINT('Ctrl Pts',(51.7750843318794,0.489461130069211,28.));
#2383=CARTESIAN_POINT('Ctrl Pts',(51.6086327517405,0.690147876739502,28.));
#2384=CARTESIAN_POINT('',(52.8978549921885,-0.329633951187134,26.));
#2385=CARTESIAN_POINT('',(52.8978549921885,-0.329633951187134,28.));
#2386=CARTESIAN_POINT('Ctrl Pts',(52.8978549921885,-0.329633951187134,26.));
#2387=CARTESIAN_POINT('Ctrl Pts',(52.6313732627832,-0.194353388020592,26.));
#2388=CARTESIAN_POINT('Ctrl Pts',(52.1319724751707,0.0591695080699228,26.));
#2389=CARTESIAN_POINT('Ctrl Pts',(51.7750843318794,0.489461130069211,26.));
#2390=CARTESIAN_POINT('Ctrl Pts',(51.6086327517405,0.690147876739502,26.));
#2391=CARTESIAN_POINT('Ctrl Pts',(55.1113616907969,-0.967423915863037,28.));
#2392=CARTESIAN_POINT('Ctrl Pts',(55.1113616907969,-0.967423915863037,26.));
#2393=CARTESIAN_POINT('Ctrl Pts',(54.6544802432641,-0.865350444128898,28.));
#2394=CARTESIAN_POINT('Ctrl Pts',(54.6544802432641,-0.865350444128898,26.));
#2395=CARTESIAN_POINT('Ctrl Pts',(53.9032849879974,-0.697523301947176,28.));
#2396=CARTESIAN_POINT('Ctrl Pts',(53.9032849879974,-0.697523301947176,26.));
#2397=CARTESIAN_POINT('Ctrl Pts',(53.1808864272553,-0.433195861340436,28.));
#2398=CARTESIAN_POINT('Ctrl Pts',(53.1808864272553,-0.433195861340436,26.));
#2399=CARTESIAN_POINT('Ctrl Pts',(52.8978549921885,-0.329633951187134,28.));
#2400=CARTESIAN_POINT('Ctrl Pts',(52.8978549921885,-0.329633951187134,26.));
#2401=CARTESIAN_POINT('',(55.1113616907969,-0.967423915863037,28.));
#2402=CARTESIAN_POINT('Ctrl Pts',(55.1113616907969,-0.967423915863037,28.));
#2403=CARTESIAN_POINT('Ctrl Pts',(54.6544802432641,-0.865350444128898,28.));
#2404=CARTESIAN_POINT('Ctrl Pts',(53.9032849879974,-0.697523301947176,28.));
#2405=CARTESIAN_POINT('Ctrl Pts',(53.1808864272553,-0.433195861340436,28.));
#2406=CARTESIAN_POINT('Ctrl Pts',(52.8978549921885,-0.329633951187134,28.));
#2407=CARTESIAN_POINT('',(55.1113616907969,-0.967423915863037,26.));
#2408=CARTESIAN_POINT('',(55.1113616907969,-0.967423915863037,28.));
#2409=CARTESIAN_POINT('Ctrl Pts',(55.1113616907969,-0.967423915863037,26.));
#2410=CARTESIAN_POINT('Ctrl Pts',(54.6544802432641,-0.865350444128898,26.));
#2411=CARTESIAN_POINT('Ctrl Pts',(53.9032849879974,-0.697523301947176,26.));
#2412=CARTESIAN_POINT('Ctrl Pts',(53.1808864272553,-0.433195861340436,26.));
#2413=CARTESIAN_POINT('Ctrl Pts',(52.8978549921885,-0.329633951187134,26.));
#2414=CARTESIAN_POINT('Ctrl Pts',(57.1065866434947,-1.68024778366089,28.));
#2415=CARTESIAN_POINT('Ctrl Pts',(57.1065866434947,-1.68024778366089,26.));
#2416=CARTESIAN_POINT('Ctrl Pts',(56.8800917799253,-1.55401852629511,28.));
#2417=CARTESIAN_POINT('Ctrl Pts',(56.8800917799253,-1.55401852629511,26.));
#2418=CARTESIAN_POINT('Ctrl Pts',(56.2575312204039,-1.20705543911888,28.));
#2419=CARTESIAN_POINT('Ctrl Pts',(56.2575312204039,-1.20705543911888,26.));
#2420=CARTESIAN_POINT('Ctrl Pts',(55.5570191927349,-1.0605982528884,28.));
#2421=CARTESIAN_POINT('Ctrl Pts',(55.5570191927349,-1.0605982528884,26.));
#2422=CARTESIAN_POINT('Ctrl Pts',(55.1113616907969,-0.967423915863037,28.));
#2423=CARTESIAN_POINT('Ctrl Pts',(55.1113616907969,-0.967423915863037,26.));
#2424=CARTESIAN_POINT('',(57.1065866434947,-1.68024778366089,28.));
#2425=CARTESIAN_POINT('Ctrl Pts',(57.1065866434947,-1.68024778366089,28.));
#2426=CARTESIAN_POINT('Ctrl Pts',(56.8800917799253,-1.55401852629511,28.));
#2427=CARTESIAN_POINT('Ctrl Pts',(56.2575312204039,-1.20705543911888,28.));
#2428=CARTESIAN_POINT('Ctrl Pts',(55.5570191927349,-1.0605982528884,28.));
#2429=CARTESIAN_POINT('Ctrl Pts',(55.1113616907969,-0.967423915863037,28.));
#2430=CARTESIAN_POINT('',(57.1065866434947,-1.68024778366089,26.));
#2431=CARTESIAN_POINT('',(57.1065866434947,-1.68024778366089,28.));
#2432=CARTESIAN_POINT('Ctrl Pts',(57.1065866434947,-1.68024778366089,26.));
#2433=CARTESIAN_POINT('Ctrl Pts',(56.8800917799253,-1.55401852629511,26.));
#2434=CARTESIAN_POINT('Ctrl Pts',(56.2575312204039,-1.20705543911888,26.));
#2435=CARTESIAN_POINT('Ctrl Pts',(55.5570191927349,-1.0605982528884,26.));
#2436=CARTESIAN_POINT('Ctrl Pts',(55.1113616907969,-0.967423915863037,26.));
#2437=CARTESIAN_POINT('Ctrl Pts',(57.4953996622935,-2.56701350212097,28.));
#2438=CARTESIAN_POINT('Ctrl Pts',(57.4953996622935,-2.56701350212097,26.));
#2439=CARTESIAN_POINT('Ctrl Pts',(57.4798063047213,-2.3958920144367,28.));
#2440=CARTESIAN_POINT('Ctrl Pts',(57.4798063047213,-2.3958920144367,26.));
#2441=CARTESIAN_POINT('Ctrl Pts',(57.4489051333071,-2.05678259562789,28.));
#2442=CARTESIAN_POINT('Ctrl Pts',(57.4489051333071,-2.05678259562789,26.));
#2443=CARTESIAN_POINT('Ctrl Pts',(57.2199876993212,-1.80498380144331,28.));
#2444=CARTESIAN_POINT('Ctrl Pts',(57.2199876993212,-1.80498380144331,26.));
#2445=CARTESIAN_POINT('Ctrl Pts',(57.1065866434947,-1.68024778366089,28.));
#2446=CARTESIAN_POINT('Ctrl Pts',(57.1065866434947,-1.68024778366089,26.));
#2447=CARTESIAN_POINT('',(57.4953996622935,-2.56701350212097,28.));
#2448=CARTESIAN_POINT('Ctrl Pts',(57.4953996622935,-2.56701350212097,28.));
#2449=CARTESIAN_POINT('Ctrl Pts',(57.4798063047213,-2.3958920144367,28.));
#2450=CARTESIAN_POINT('Ctrl Pts',(57.4489051333071,-2.05678259562789,28.));
#2451=CARTESIAN_POINT('Ctrl Pts',(57.2199876993212,-1.80498380144331,28.));
#2452=CARTESIAN_POINT('Ctrl Pts',(57.1065866434947,-1.68024778366089,28.));
#2453=CARTESIAN_POINT('',(57.4953996622935,-2.56701350212097,26.));
#2454=CARTESIAN_POINT('',(57.4953996622935,-2.56701350212097,28.));
#2455=CARTESIAN_POINT('Ctrl Pts',(57.4953996622935,-2.56701350212097,26.));
#2456=CARTESIAN_POINT('Ctrl Pts',(57.4798063047213,-2.3958920144367,26.));
#2457=CARTESIAN_POINT('Ctrl Pts',(57.4489051333071,-2.05678259562789,26.));
#2458=CARTESIAN_POINT('Ctrl Pts',(57.2199876993212,-1.80498380144331,26.));
#2459=CARTESIAN_POINT('Ctrl Pts',(57.1065866434947,-1.68024778366089,26.));
#2460=CARTESIAN_POINT('Ctrl Pts',(56.9462859118357,-3.62772345542908,28.));
#2461=CARTESIAN_POINT('Ctrl Pts',(56.9462859118357,-3.62772345542908,26.));
#2462=CARTESIAN_POINT('Ctrl Pts',(57.1063808778722,-3.47756341890397,28.));
#2463=CARTESIAN_POINT('Ctrl Pts',(57.1063808778722,-3.47756341890397,26.));
#2464=CARTESIAN_POINT('Ctrl Pts',(57.415326429165,-3.18778993998137,28.));
#2465=CARTESIAN_POINT('Ctrl Pts',(57.415326429165,-3.18778993998137,26.));
#2466=CARTESIAN_POINT('Ctrl Pts',(57.4693641703726,-2.76885648136797,28.));
#2467=CARTESIAN_POINT('Ctrl Pts',(57.4693641703726,-2.76885648136797,26.));
#2468=CARTESIAN_POINT('Ctrl Pts',(57.4953996622935,-2.56701350212097,28.));
#2469=CARTESIAN_POINT('Ctrl Pts',(57.4953996622935,-2.56701350212097,26.));
#2470=CARTESIAN_POINT('',(56.9462859118357,-3.62772345542908,28.));
#2471=CARTESIAN_POINT('Ctrl Pts',(56.9462859118357,-3.62772345542908,28.));
#2472=CARTESIAN_POINT('Ctrl Pts',(57.1063808778722,-3.47756341890397,28.));
#2473=CARTESIAN_POINT('Ctrl Pts',(57.415326429165,-3.18778993998137,28.));
#2474=CARTESIAN_POINT('Ctrl Pts',(57.4693641703726,-2.76885648136797,28.));
#2475=CARTESIAN_POINT('Ctrl Pts',(57.4953996622935,-2.56701350212097,28.));
#2476=CARTESIAN_POINT('',(56.9462859118357,-3.62772345542908,26.));
#2477=CARTESIAN_POINT('',(56.9462859118357,-3.62772345542908,28.));
#2478=CARTESIAN_POINT('Ctrl Pts',(56.9462859118357,-3.62772345542908,26.));
#2479=CARTESIAN_POINT('Ctrl Pts',(57.1063808778722,-3.47756341890397,26.));
#2480=CARTESIAN_POINT('Ctrl Pts',(57.415326429165,-3.18778993998137,26.));
#2481=CARTESIAN_POINT('Ctrl Pts',(57.4693641703726,-2.76885648136797,26.));
#2482=CARTESIAN_POINT('Ctrl Pts',(57.4953996622935,-2.56701350212097,26.));
#2483=CARTESIAN_POINT('Ctrl Pts',(55.196627327241,-4.06769633293152,28.));
#2484=CARTESIAN_POINT('Ctrl Pts',(55.196627327241,-4.06769633293152,26.));
#2485=CARTESIAN_POINT('Ctrl Pts',(55.5511734532078,-4.06231076114762,28.));
#2486=CARTESIAN_POINT('Ctrl Pts',(55.5511734532078,-4.06231076114762,26.));
#2487=CARTESIAN_POINT('Ctrl Pts',(56.1723412116662,-4.05287519463592,28.));
#2488=CARTESIAN_POINT('Ctrl Pts',(56.1723412116662,-4.05287519463592,26.));
#2489=CARTESIAN_POINT('Ctrl Pts',(56.7138542095413,-3.75540537179291,28.));
#2490=CARTESIAN_POINT('Ctrl Pts',(56.7138542095413,-3.75540537179291,26.));
#2491=CARTESIAN_POINT('Ctrl Pts',(56.9462859118357,-3.62772345542908,28.));
#2492=CARTESIAN_POINT('Ctrl Pts',(56.9462859118357,-3.62772345542908,26.));
#2493=CARTESIAN_POINT('',(55.196627327241,-4.06769633293152,28.));
#2494=CARTESIAN_POINT('Ctrl Pts',(55.196627327241,-4.06769633293152,28.));
#2495=CARTESIAN_POINT('Ctrl Pts',(55.5511734532078,-4.06231076114762,28.));
#2496=CARTESIAN_POINT('Ctrl Pts',(56.1723412116662,-4.05287519463592,28.));
#2497=CARTESIAN_POINT('Ctrl Pts',(56.7138542095413,-3.75540537179291,28.));
#2498=CARTESIAN_POINT('Ctrl Pts',(56.9462859118357,-3.62772345542908,28.));
#2499=CARTESIAN_POINT('',(55.196627327241,-4.06769633293152,26.));
#2500=CARTESIAN_POINT('',(55.196627327241,-4.06769633293152,28.));
#2501=CARTESIAN_POINT('Ctrl Pts',(55.196627327241,-4.06769633293152,26.));
#2502=CARTESIAN_POINT('Ctrl Pts',(55.5511734532078,-4.06231076114762,26.));
#2503=CARTESIAN_POINT('Ctrl Pts',(56.1723412116662,-4.05287519463592,26.));
#2504=CARTESIAN_POINT('Ctrl Pts',(56.7138542095413,-3.75540537179291,26.));
#2505=CARTESIAN_POINT('Ctrl Pts',(56.9462859118357,-3.62772345542908,26.));
#2506=CARTESIAN_POINT('Ctrl Pts',(53.4537898981944,-3.58338534832001,28.));
#2507=CARTESIAN_POINT('Ctrl Pts',(53.4537898981944,-3.58338534832001,26.));
#2508=CARTESIAN_POINT('Ctrl Pts',(53.6914742167455,-3.72419687034521,28.));
#2509=CARTESIAN_POINT('Ctrl Pts',(53.6914742167455,-3.72419687034521,26.));
#2510=CARTESIAN_POINT('Ctrl Pts',(54.2260552604401,-4.04089917055295,28.));
#2511=CARTESIAN_POINT('Ctrl Pts',(54.2260552604401,-4.04089917055295,26.));
#2512=CARTESIAN_POINT('Ctrl Pts',(54.8500640408268,-4.058127839279,28.));
#2513=CARTESIAN_POINT('Ctrl Pts',(54.8500640408268,-4.058127839279,26.));
#2514=CARTESIAN_POINT('Ctrl Pts',(55.196627327241,-4.06769633293152,28.));
#2515=CARTESIAN_POINT('Ctrl Pts',(55.196627327241,-4.06769633293152,26.));
#2516=CARTESIAN_POINT('',(53.4537898981944,-3.58338534832001,28.));
#2517=CARTESIAN_POINT('Ctrl Pts',(53.4537898981944,-3.58338534832001,28.));
#2518=CARTESIAN_POINT('Ctrl Pts',(53.6914742167455,-3.72419687034521,28.));
#2519=CARTESIAN_POINT('Ctrl Pts',(54.2260552604401,-4.04089917055295,28.));
#2520=CARTESIAN_POINT('Ctrl Pts',(54.8500640408268,-4.058127839279,28.));
#2521=CARTESIAN_POINT('Ctrl Pts',(55.196627327241,-4.06769633293152,28.));
#2522=CARTESIAN_POINT('',(53.4537898981944,-3.58338534832001,26.));
#2523=CARTESIAN_POINT('',(53.4537898981944,-3.58338534832001,28.));
#2524=CARTESIAN_POINT('Ctrl Pts',(53.4537898981944,-3.58338534832001,26.));
#2525=CARTESIAN_POINT('Ctrl Pts',(53.6914742167455,-3.72419687034521,26.));
#2526=CARTESIAN_POINT('Ctrl Pts',(54.2260552604401,-4.04089917055295,26.));
#2527=CARTESIAN_POINT('Ctrl Pts',(54.8500640408268,-4.058127839279,26.));
#2528=CARTESIAN_POINT('Ctrl Pts',(55.196627327241,-4.06769633293152,26.));
#2529=CARTESIAN_POINT('Ctrl Pts',(52.7614294970408,-2.15091586112976,28.));
#2530=CARTESIAN_POINT('Ctrl Pts',(52.7614294970408,-2.15091586112976,26.));
#2531=CARTESIAN_POINT('Ctrl Pts',(52.8091187995307,-2.44181518095633,28.));
#2532=CARTESIAN_POINT('Ctrl Pts',(52.8091187995307,-2.44181518095633,26.));
#2533=CARTESIAN_POINT('Ctrl Pts',(52.8989276586296,-2.98963900437667,28.));
#2534=CARTESIAN_POINT('Ctrl Pts',(52.8989276586296,-2.98963900437667,26.));
#2535=CARTESIAN_POINT('Ctrl Pts',(53.2766441985046,-3.39382548276023,28.));
#2536=CARTESIAN_POINT('Ctrl Pts',(53.2766441985046,-3.39382548276023,26.));
#2537=CARTESIAN_POINT('Ctrl Pts',(53.4537898981944,-3.58338534832001,28.));
#2538=CARTESIAN_POINT('Ctrl Pts',(53.4537898981944,-3.58338534832001,26.));
#2539=CARTESIAN_POINT('',(52.7614294970408,-2.15091586112976,28.));
#2540=CARTESIAN_POINT('Ctrl Pts',(52.7614294970408,-2.15091586112976,28.));
#2541=CARTESIAN_POINT('Ctrl Pts',(52.8091187995307,-2.44181518095633,28.));
#2542=CARTESIAN_POINT('Ctrl Pts',(52.8989276586296,-2.98963900437667,28.));
#2543=CARTESIAN_POINT('Ctrl Pts',(53.2766441985046,-3.39382548276023,28.));
#2544=CARTESIAN_POINT('Ctrl Pts',(53.4537898981944,-3.58338534832001,28.));
#2545=CARTESIAN_POINT('',(52.7614294970408,-2.15091586112976,26.));
#2546=CARTESIAN_POINT('',(52.7614294970408,-2.15091586112976,28.));
#2547=CARTESIAN_POINT('Ctrl Pts',(52.7614294970408,-2.15091586112976,26.));
#2548=CARTESIAN_POINT('Ctrl Pts',(52.8091187995307,-2.44181518095633,26.));
#2549=CARTESIAN_POINT('Ctrl Pts',(52.8989276586296,-2.98963900437667,26.));
#2550=CARTESIAN_POINT('Ctrl Pts',(53.2766441985046,-3.39382548276023,26.));
#2551=CARTESIAN_POINT('Ctrl Pts',(53.4537898981944,-3.58338534832001,26.));
#2552=CARTESIAN_POINT('Origin',(51.4926707232371,-2.24641442298889,28.));
#2553=CARTESIAN_POINT('',(51.4926707232371,-2.24641442298889,28.));
#2554=CARTESIAN_POINT('',(55.1849598279295,-1.96849847336424,28.));
#2555=CARTESIAN_POINT('',(51.4926707232371,-2.24641442298889,26.));
#2556=CARTESIAN_POINT('',(51.4926707232371,-2.24641442298889,28.));
#2557=CARTESIAN_POINT('',(51.4926707232371,-2.24641442298889,26.));
#2558=CARTESIAN_POINT('Ctrl Pts',(51.9838034594432,-3.82212996482849,28.));
#2559=CARTESIAN_POINT('Ctrl Pts',(51.9838034594432,-3.82212996482849,26.));
#2560=CARTESIAN_POINT('Ctrl Pts',(51.8490091395203,-3.58041419778033,28.));
#2561=CARTESIAN_POINT('Ctrl Pts',(51.8490091395203,-3.58041419778033,26.));
#2562=CARTESIAN_POINT('Ctrl Pts',(51.5753552659121,-3.08969280831258,28.));
#2563=CARTESIAN_POINT('Ctrl Pts',(51.5753552659121,-3.08969280831258,26.));
#2564=CARTESIAN_POINT('Ctrl Pts',(51.5205038504346,-2.53027732894763,28.));
#2565=CARTESIAN_POINT('Ctrl Pts',(51.5205038504346,-2.53027732894763,26.));
#2566=CARTESIAN_POINT('Ctrl Pts',(51.4926707232371,-2.24641442298889,28.));
#2567=CARTESIAN_POINT('Ctrl Pts',(51.4926707232371,-2.24641442298889,26.));
#2568=CARTESIAN_POINT('',(51.9838034594432,-3.82212996482849,28.));
#2569=CARTESIAN_POINT('Ctrl Pts',(51.9838034594432,-3.82212996482849,28.));
#2570=CARTESIAN_POINT('Ctrl Pts',(51.8490091395203,-3.58041419778033,28.));
#2571=CARTESIAN_POINT('Ctrl Pts',(51.5753552659121,-3.08969280831258,28.));
#2572=CARTESIAN_POINT('Ctrl Pts',(51.5205038504346,-2.53027732894763,28.));
#2573=CARTESIAN_POINT('Ctrl Pts',(51.4926707232371,-2.24641442298889,28.));
#2574=CARTESIAN_POINT('',(51.9838034594432,-3.82212996482849,26.));
#2575=CARTESIAN_POINT('',(51.9838034594432,-3.82212996482849,28.));
#2576=CARTESIAN_POINT('Ctrl Pts',(51.9838034594432,-3.82212996482849,26.));
#2577=CARTESIAN_POINT('Ctrl Pts',(51.8490091395203,-3.58041419778033,26.));
#2578=CARTESIAN_POINT('Ctrl Pts',(51.5753552659121,-3.08969280831258,26.));
#2579=CARTESIAN_POINT('Ctrl Pts',(51.5205038504346,-2.53027732894763,26.));
#2580=CARTESIAN_POINT('Ctrl Pts',(51.4926707232371,-2.24641442298889,26.));
#2581=CARTESIAN_POINT('Ctrl Pts',(53.2900797808543,-4.87601816654205,28.));
#2582=CARTESIAN_POINT('Ctrl Pts',(53.2900797808543,-4.87601816654205,26.));
#2583=CARTESIAN_POINT('Ctrl Pts',(53.025547213407,-4.74588016911981,28.));
#2584=CARTESIAN_POINT('Ctrl Pts',(53.025547213407,-4.74588016911981,26.));
#2585=CARTESIAN_POINT('Ctrl Pts',(52.51046836723,-4.49248479250181,28.));
#2586=CARTESIAN_POINT('Ctrl Pts',(52.51046836723,-4.49248479250181,26.));
#2587=CARTESIAN_POINT('Ctrl Pts',(52.1561514251654,-4.04149960414448,28.));
#2588=CARTESIAN_POINT('Ctrl Pts',(52.1561514251654,-4.04149960414448,26.));
#2589=CARTESIAN_POINT('Ctrl Pts',(51.9838034594432,-3.82212996482849,28.));
#2590=CARTESIAN_POINT('Ctrl Pts',(51.9838034594432,-3.82212996482849,26.));
#2591=CARTESIAN_POINT('',(53.2900797808543,-4.87601816654205,28.));
#2592=CARTESIAN_POINT('Ctrl Pts',(53.2900797808543,-4.87601816654205,28.));
#2593=CARTESIAN_POINT('Ctrl Pts',(53.025547213407,-4.74588016911981,28.));
#2594=CARTESIAN_POINT('Ctrl Pts',(52.51046836723,-4.49248479250181,28.));
#2595=CARTESIAN_POINT('Ctrl Pts',(52.1561514251654,-4.04149960414448,28.));
#2596=CARTESIAN_POINT('Ctrl Pts',(51.9838034594432,-3.82212996482849,28.));
#2597=CARTESIAN_POINT('',(53.2900797808543,-4.87601816654205,26.));
#2598=CARTESIAN_POINT('',(53.2900797808543,-4.87601816654205,28.));
#2599=CARTESIAN_POINT('Ctrl Pts',(53.2900797808543,-4.87601816654205,26.));
#2600=CARTESIAN_POINT('Ctrl Pts',(53.025547213407,-4.74588016911981,26.));
#2601=CARTESIAN_POINT('Ctrl Pts',(52.51046836723,-4.49248479250181,26.));
#2602=CARTESIAN_POINT('Ctrl Pts',(52.1561514251654,-4.04149960414448,26.));
#2603=CARTESIAN_POINT('Ctrl Pts',(51.9838034594432,-3.82212996482849,26.));
#2604=CARTESIAN_POINT('Ctrl Pts',(55.2511965716258,-5.234135389328,28.));
#2605=CARTESIAN_POINT('Ctrl Pts',(55.2511965716258,-5.234135389328,26.));
#2606=CARTESIAN_POINT('Ctrl Pts',(54.8990786172835,-5.22230773724499,28.));
#2607=CARTESIAN_POINT('Ctrl Pts',(54.8990786172835,-5.22230773724499,26.));
#2608=CARTESIAN_POINT('Ctrl Pts',(54.2272112818417,-5.19973969437313,28.));
#2609=CARTESIAN_POINT('Ctrl Pts',(54.2272112818417,-5.19973969437313,26.));
#2610=CARTESIAN_POINT('Ctrl Pts',(53.5922602629409,-4.98040301246681,28.));
#2611=CARTESIAN_POINT('Ctrl Pts',(53.5922602629409,-4.98040301246681,26.));
#2612=CARTESIAN_POINT('Ctrl Pts',(53.2900797808543,-4.87601816654205,28.));
#2613=CARTESIAN_POINT('Ctrl Pts',(53.2900797808543,-4.87601816654205,26.));
#2614=CARTESIAN_POINT('',(55.2511965716258,-5.234135389328,28.));
#2615=CARTESIAN_POINT('Ctrl Pts',(55.2511965716258,-5.234135389328,28.));
#2616=CARTESIAN_POINT('Ctrl Pts',(54.8990786172835,-5.22230773724499,28.));
#2617=CARTESIAN_POINT('Ctrl Pts',(54.2272112818417,-5.19973969437313,28.));
#2618=CARTESIAN_POINT('Ctrl Pts',(53.5922602629409,-4.98040301246681,28.));
#2619=CARTESIAN_POINT('Ctrl Pts',(53.2900797808543,-4.87601816654205,28.));
#2620=CARTESIAN_POINT('',(55.2511965716258,-5.234135389328,26.));
#2621=CARTESIAN_POINT('',(55.2511965716258,-5.234135389328,28.));
#2622=CARTESIAN_POINT('Ctrl Pts',(55.2511965716258,-5.234135389328,26.));
#2623=CARTESIAN_POINT('Ctrl Pts',(54.8990786172835,-5.22230773724499,26.));
#2624=CARTESIAN_POINT('Ctrl Pts',(54.2272112818417,-5.19973969437313,26.));
#2625=CARTESIAN_POINT('Ctrl Pts',(53.5922602629409,-4.98040301246681,26.));
#2626=CARTESIAN_POINT('Ctrl Pts',(53.2900797808543,-4.87601816654205,26.));
#2627=CARTESIAN_POINT('Ctrl Pts',(57.0861231768504,-4.89307165145874,28.));
#2628=CARTESIAN_POINT('Ctrl Pts',(57.0861231768504,-4.89307165145874,26.));
#2629=CARTESIAN_POINT('Ctrl Pts',(56.798331993468,-4.99252108176626,28.));
#2630=CARTESIAN_POINT('Ctrl Pts',(56.798331993468,-4.99252108176626,26.));
#2631=CARTESIAN_POINT('Ctrl Pts',(56.2040266522688,-5.19788987352818,28.));
#2632=CARTESIAN_POINT('Ctrl Pts',(56.2040266522688,-5.19788987352818,26.));
#2633=CARTESIAN_POINT('Ctrl Pts',(55.5754079258758,-5.22180243720812,28.));
#2634=CARTESIAN_POINT('Ctrl Pts',(55.5754079258758,-5.22180243720812,26.));
#2635=CARTESIAN_POINT('Ctrl Pts',(55.2511965716258,-5.234135389328,28.));
#2636=CARTESIAN_POINT('Ctrl Pts',(55.2511965716258,-5.234135389328,26.));
#2637=CARTESIAN_POINT('',(57.0861231768504,-4.89307165145874,28.));
#2638=CARTESIAN_POINT('Ctrl Pts',(57.0861231768504,-4.89307165145874,28.));
#2639=CARTESIAN_POINT('Ctrl Pts',(56.798331993468,-4.99252108176626,28.));
#2640=CARTESIAN_POINT('Ctrl Pts',(56.2040266522688,-5.19788987352818,28.));
#2641=CARTESIAN_POINT('Ctrl Pts',(55.5754079258758,-5.22180243720812,28.));
#2642=CARTESIAN_POINT('Ctrl Pts',(55.2511965716258,-5.234135389328,28.));
#2643=CARTESIAN_POINT('',(57.0861231768504,-4.89307165145874,26.));
#2644=CARTESIAN_POINT('',(57.0861231768504,-4.89307165145874,28.));
#2645=CARTESIAN_POINT('Ctrl Pts',(57.0861231768504,-4.89307165145874,26.));
#2646=CARTESIAN_POINT('Ctrl Pts',(56.798331993468,-4.99252108176626,26.));
#2647=CARTESIAN_POINT('Ctrl Pts',(56.2040266522688,-5.19788987352818,26.));
#2648=CARTESIAN_POINT('Ctrl Pts',(55.5754079258758,-5.22180243720812,26.));
#2649=CARTESIAN_POINT('Ctrl Pts',(55.2511965716258,-5.234135389328,26.));
#2650=CARTESIAN_POINT('Ctrl Pts',(58.3412396395579,-3.89375388622284,28.));
#2651=CARTESIAN_POINT('Ctrl Pts',(58.3412396395579,-3.89375388622284,26.));
#2652=CARTESIAN_POINT('Ctrl Pts',(58.1770918960912,-4.10173508045932,28.));
#2653=CARTESIAN_POINT('Ctrl Pts',(58.1770918960912,-4.10173508045932,26.));
#2654=CARTESIAN_POINT('Ctrl Pts',(57.837214802139,-4.5323717885915,28.));
#2655=CARTESIAN_POINT('Ctrl Pts',(57.837214802139,-4.5323717885915,26.));
#2656=CARTESIAN_POINT('Ctrl Pts',(57.3421107520465,-4.77013767088949,28.));
#2657=CARTESIAN_POINT('Ctrl Pts',(57.3421107520465,-4.77013767088949,26.));
#2658=CARTESIAN_POINT('Ctrl Pts',(57.0861231768504,-4.89307165145874,28.));
#2659=CARTESIAN_POINT('Ctrl Pts',(57.0861231768504,-4.89307165145874,26.));
#2660=CARTESIAN_POINT('',(58.3412396395579,-3.89375388622284,28.));
#2661=CARTESIAN_POINT('Ctrl Pts',(58.3412396395579,-3.89375388622284,28.));
#2662=CARTESIAN_POINT('Ctrl Pts',(58.1770918960912,-4.10173508045932,28.));
#2663=CARTESIAN_POINT('Ctrl Pts',(57.837214802139,-4.5323717885915,28.));
#2664=CARTESIAN_POINT('Ctrl Pts',(57.3421107520465,-4.77013767088949,28.));
#2665=CARTESIAN_POINT('Ctrl Pts',(57.0861231768504,-4.89307165145874,28.));
#2666=CARTESIAN_POINT('',(58.3412396395579,-3.89375388622284,26.));
#2667=CARTESIAN_POINT('',(58.3412396395579,-3.89375388622284,28.));
#2668=CARTESIAN_POINT('Ctrl Pts',(58.3412396395579,-3.89375388622284,26.));
#2669=CARTESIAN_POINT('Ctrl Pts',(58.1770918960912,-4.10173508045932,26.));
#2670=CARTESIAN_POINT('Ctrl Pts',(57.837214802139,-4.5323717885915,26.));
#2671=CARTESIAN_POINT('Ctrl Pts',(57.3421107520465,-4.77013767088949,26.));
#2672=CARTESIAN_POINT('Ctrl Pts',(57.0861231768504,-4.89307165145874,26.));
#2673=CARTESIAN_POINT('Ctrl Pts',(58.7709795916453,-2.47833847999573,28.));
#2674=CARTESIAN_POINT('Ctrl Pts',(58.7709795916453,-2.47833847999573,26.));
#2675=CARTESIAN_POINT('Ctrl Pts',(58.7523683354235,-2.72767778641927,28.));
#2676=CARTESIAN_POINT('Ctrl Pts',(58.7523683354235,-2.72767778641927,26.));
#2677=CARTESIAN_POINT('Ctrl Pts',(58.7147702550924,-3.23138796916505,28.));
#2678=CARTESIAN_POINT('Ctrl Pts',(58.7147702550924,-3.23138796916505,26.));
#2679=CARTESIAN_POINT('Ctrl Pts',(58.4665762495023,-3.67149981886082,28.));
#2680=CARTESIAN_POINT('Ctrl Pts',(58.4665762495023,-3.67149981886082,26.));
#2681=CARTESIAN_POINT('Ctrl Pts',(58.3412396395579,-3.89375388622284,28.));
#2682=CARTESIAN_POINT('Ctrl Pts',(58.3412396395579,-3.89375388622284,26.));
#2683=CARTESIAN_POINT('',(58.7709795916453,-2.47833847999573,28.));
#2684=CARTESIAN_POINT('Ctrl Pts',(58.7709795916453,-2.47833847999573,28.));
#2685=CARTESIAN_POINT('Ctrl Pts',(58.7523683354235,-2.72767778641927,28.));
#2686=CARTESIAN_POINT('Ctrl Pts',(58.7147702550924,-3.23138796916505,28.));
#2687=CARTESIAN_POINT('Ctrl Pts',(58.4665762495023,-3.67149981886082,28.));
#2688=CARTESIAN_POINT('Ctrl Pts',(58.3412396395579,-3.89375388622284,28.));
#2689=CARTESIAN_POINT('',(58.7709795916453,-2.47833847999573,26.));
#2690=CARTESIAN_POINT('',(58.7709795916453,-2.47833847999573,28.));
#2691=CARTESIAN_POINT('Ctrl Pts',(58.7709795916453,-2.47833847999573,26.));
#2692=CARTESIAN_POINT('Ctrl Pts',(58.7523683354235,-2.72767778641927,26.));
#2693=CARTESIAN_POINT('Ctrl Pts',(58.7147702550924,-3.23138796916505,26.));
#2694=CARTESIAN_POINT('Ctrl Pts',(58.4665762495023,-3.67149981886082,26.));
#2695=CARTESIAN_POINT('Ctrl Pts',(58.3412396395579,-3.89375388622284,26.));
#2696=CARTESIAN_POINT('Ctrl Pts',(58.4196841204539,-1.23345375061035,28.));
#2697=CARTESIAN_POINT('Ctrl Pts',(58.4196841204539,-1.23345375061035,26.));
#2698=CARTESIAN_POINT('Ctrl Pts',(58.5221408911389,-1.42569235269167,28.));
#2699=CARTESIAN_POINT('Ctrl Pts',(58.5221408911389,-1.42569235269167,26.));
#2700=CARTESIAN_POINT('Ctrl Pts',(58.7296161215427,-1.81497602806696,28.));
#2701=CARTESIAN_POINT('Ctrl Pts',(58.7296161215427,-1.81497602806696,26.));
#2702=CARTESIAN_POINT('Ctrl Pts',(58.7570787416246,-2.25540500921259,28.));
#2703=CARTESIAN_POINT('Ctrl Pts',(58.7570787416246,-2.25540500921259,26.));
#2704=CARTESIAN_POINT('Ctrl Pts',(58.7709795916453,-2.47833847999573,28.));
#2705=CARTESIAN_POINT('Ctrl Pts',(58.7709795916453,-2.47833847999573,26.));
#2706=CARTESIAN_POINT('',(58.4196841204539,-1.23345375061035,28.));
#2707=CARTESIAN_POINT('Ctrl Pts',(58.4196841204539,-1.23345375061035,28.));
#2708=CARTESIAN_POINT('Ctrl Pts',(58.5221408911389,-1.42569235269167,28.));
#2709=CARTESIAN_POINT('Ctrl Pts',(58.7296161215427,-1.81497602806696,28.));
#2710=CARTESIAN_POINT('Ctrl Pts',(58.7570787416246,-2.25540500921259,28.));
#2711=CARTESIAN_POINT('Ctrl Pts',(58.7709795916453,-2.47833847999573,28.));
#2712=CARTESIAN_POINT('',(58.4196841204539,-1.23345375061035,26.));
#2713=CARTESIAN_POINT('',(58.4196841204539,-1.23345375061035,28.));
#2714=CARTESIAN_POINT('Ctrl Pts',(58.4196841204539,-1.23345375061035,26.));
#2715=CARTESIAN_POINT('Ctrl Pts',(58.5221408911389,-1.42569235269167,26.));
#2716=CARTESIAN_POINT('Ctrl Pts',(58.7296161215427,-1.81497602806696,26.));
#2717=CARTESIAN_POINT('Ctrl Pts',(58.7570787416246,-2.25540500921259,26.));
#2718=CARTESIAN_POINT('Ctrl Pts',(58.7709795916453,-2.47833847999573,26.));
#2719=CARTESIAN_POINT('Ctrl Pts',(57.3521530115977,-0.302349328994751,28.));
#2720=CARTESIAN_POINT('Ctrl Pts',(57.3521530115977,-0.302349328994751,26.));
#2721=CARTESIAN_POINT('Ctrl Pts',(57.5720631468386,-0.429389487967435,28.));
#2722=CARTESIAN_POINT('Ctrl Pts',(57.5720631468386,-0.429389487967435,26.));
#2723=CARTESIAN_POINT('Ctrl Pts',(57.9892778947091,-0.670410793498304,28.));
#2724=CARTESIAN_POINT('Ctrl Pts',(57.9892778947091,-0.670410793498304,26.));
#2725=CARTESIAN_POINT('Ctrl Pts',(58.2814929761182,-1.05267674066158,28.));
#2726=CARTESIAN_POINT('Ctrl Pts',(58.2814929761182,-1.05267674066158,26.));
#2727=CARTESIAN_POINT('Ctrl Pts',(58.4196841204539,-1.23345375061035,28.));
#2728=CARTESIAN_POINT('Ctrl Pts',(58.4196841204539,-1.23345375061035,26.));
#2729=CARTESIAN_POINT('',(57.3521530115977,-0.302349328994751,28.));
#2730=CARTESIAN_POINT('Ctrl Pts',(57.3521530115977,-0.302349328994751,28.));
#2731=CARTESIAN_POINT('Ctrl Pts',(57.5720631468386,-0.429389487967435,28.));
#2732=CARTESIAN_POINT('Ctrl Pts',(57.9892778947091,-0.670410793498304,28.));
#2733=CARTESIAN_POINT('Ctrl Pts',(58.2814929761182,-1.05267674066158,28.));
#2734=CARTESIAN_POINT('Ctrl Pts',(58.4196841204539,-1.23345375061035,28.));
#2735=CARTESIAN_POINT('',(57.3521530115977,-0.302349328994751,26.));
#2736=CARTESIAN_POINT('',(57.3521530115977,-0.302349328994751,28.));
#2737=CARTESIAN_POINT('Ctrl Pts',(57.3521530115977,-0.302349328994751,26.));
#2738=CARTESIAN_POINT('Ctrl Pts',(57.5720631468386,-0.429389487967435,26.));
#2739=CARTESIAN_POINT('Ctrl Pts',(57.9892778947091,-0.670410793498304,26.));
#2740=CARTESIAN_POINT('Ctrl Pts',(58.2814929761182,-1.05267674066158,26.));
#2741=CARTESIAN_POINT('Ctrl Pts',(58.4196841204539,-1.23345375061035,26.));
#2742=CARTESIAN_POINT('Ctrl Pts',(55.4217302286997,0.321799516677856,28.));
#2743=CARTESIAN_POINT('Ctrl Pts',(55.4217302286997,0.321799516677856,26.));
#2744=CARTESIAN_POINT('Ctrl Pts',(55.8165490308781,0.227467279436631,28.));
#2745=CARTESIAN_POINT('Ctrl Pts',(55.8165490308781,0.227467279436631,26.));
#2746=CARTESIAN_POINT('Ctrl Pts',(56.4768894776207,0.0696951790745648,28.));
#2747=CARTESIAN_POINT('Ctrl Pts',(56.4768894776207,0.0696951790745648,26.));
#2748=CARTESIAN_POINT('Ctrl Pts',(57.1011421805562,-0.195653234013426,28.));
#2749=CARTESIAN_POINT('Ctrl Pts',(57.1011421805562,-0.195653234013426,26.));
#2750=CARTESIAN_POINT('Ctrl Pts',(57.3521530115977,-0.302349328994751,28.));
#2751=CARTESIAN_POINT('Ctrl Pts',(57.3521530115977,-0.302349328994751,26.));
#2752=CARTESIAN_POINT('',(55.4217302286997,0.321799516677856,28.));
#2753=CARTESIAN_POINT('Ctrl Pts',(55.4217302286997,0.321799516677856,28.));
#2754=CARTESIAN_POINT('Ctrl Pts',(55.8165490308781,0.227467279436631,28.));
#2755=CARTESIAN_POINT('Ctrl Pts',(56.4768894776207,0.0696951790745648,28.));
#2756=CARTESIAN_POINT('Ctrl Pts',(57.1011421805562,-0.195653234013426,28.));
#2757=CARTESIAN_POINT('Ctrl Pts',(57.3521530115977,-0.302349328994751,28.));
#2758=CARTESIAN_POINT('',(55.4217302286997,0.321799516677856,26.));
#2759=CARTESIAN_POINT('',(55.4217302286997,0.321799516677856,28.));
#2760=CARTESIAN_POINT('Ctrl Pts',(55.4217302286997,0.321799516677856,26.));
#2761=CARTESIAN_POINT('Ctrl Pts',(55.8165490308781,0.227467279436631,26.));
#2762=CARTESIAN_POINT('Ctrl Pts',(56.4768894776207,0.0696951790745648,26.));
#2763=CARTESIAN_POINT('Ctrl Pts',(57.1011421805562,-0.195653234013426,26.));
#2764=CARTESIAN_POINT('Ctrl Pts',(57.3521530115977,-0.302349328994751,26.));
#2765=CARTESIAN_POINT('Ctrl Pts',(53.6413752520457,0.809520483016968,28.));
#2766=CARTESIAN_POINT('Ctrl Pts',(53.6413752520457,0.809520483016968,26.));
#2767=CARTESIAN_POINT('Ctrl Pts',(53.8562267822064,0.740642137591494,28.));
#2768=CARTESIAN_POINT('Ctrl Pts',(53.8562267822064,0.740642137591494,26.));
#2769=CARTESIAN_POINT('Ctrl Pts',(54.4425319986621,0.552681022333998,28.));
#2770=CARTESIAN_POINT('Ctrl Pts',(54.4425319986621,0.552681022333998,26.));
#2771=CARTESIAN_POINT('Ctrl Pts',(55.0419615926512,0.41134374970665,28.));
#2772=CARTESIAN_POINT('Ctrl Pts',(55.0419615926512,0.41134374970665,26.));
#2773=CARTESIAN_POINT('Ctrl Pts',(55.4217302286997,0.321799516677856,28.));
#2774=CARTESIAN_POINT('Ctrl Pts',(55.4217302286997,0.321799516677856,26.));
#2775=CARTESIAN_POINT('',(53.6413752520457,0.809520483016968,28.));
#2776=CARTESIAN_POINT('Ctrl Pts',(53.6413752520457,0.809520483016968,28.));
#2777=CARTESIAN_POINT('Ctrl Pts',(53.8562267822064,0.740642137591494,28.));
#2778=CARTESIAN_POINT('Ctrl Pts',(54.4425319986621,0.552681022333998,28.));
#2779=CARTESIAN_POINT('Ctrl Pts',(55.0419615926512,0.41134374970665,28.));
#2780=CARTESIAN_POINT('Ctrl Pts',(55.4217302286997,0.321799516677856,28.));
#2781=CARTESIAN_POINT('',(53.6413752520457,0.809520483016968,26.));
#2782=CARTESIAN_POINT('',(53.6413752520457,0.809520483016968,28.));
#2783=CARTESIAN_POINT('Ctrl Pts',(53.6413752520457,0.809520483016968,26.));
#2784=CARTESIAN_POINT('Ctrl Pts',(53.8562267822064,0.740642137591494,26.));
#2785=CARTESIAN_POINT('Ctrl Pts',(54.4425319986621,0.552681022333998,26.));
#2786=CARTESIAN_POINT('Ctrl Pts',(55.0419615926512,0.41134374970665,26.));
#2787=CARTESIAN_POINT('Ctrl Pts',(55.4217302286997,0.321799516677856,26.));
#2788=CARTESIAN_POINT('Ctrl Pts',(52.7409660303965,1.39956116676331,28.));
#2789=CARTESIAN_POINT('Ctrl Pts',(52.7409660303965,1.39956116676331,26.));
#2790=CARTESIAN_POINT('Ctrl Pts',(52.8560428797823,1.28380978639386,28.));
#2791=CARTESIAN_POINT('Ctrl Pts',(52.8560428797823,1.28380978639386,26.));
#2792=CARTESIAN_POINT('Ctrl Pts',(53.1138311084931,1.02451051399001,28.));
#2793=CARTESIAN_POINT('Ctrl Pts',(53.1138311084931,1.02451051399001,26.));
#2794=CARTESIAN_POINT('Ctrl Pts',(53.4533936638728,0.886128607583578,28.));
#2795=CARTESIAN_POINT('Ctrl Pts',(53.4533936638728,0.886128607583578,26.));
#2796=CARTESIAN_POINT('Ctrl Pts',(53.6413752520457,0.809520483016968,28.));
#2797=CARTESIAN_POINT('Ctrl Pts',(53.6413752520457,0.809520483016968,26.));
#2798=CARTESIAN_POINT('',(52.7409660303965,1.39956116676331,28.));
#2799=CARTESIAN_POINT('Ctrl Pts',(52.7409660303965,1.39956116676331,28.));
#2800=CARTESIAN_POINT('Ctrl Pts',(52.8560428797823,1.28380978639386,28.));
#2801=CARTESIAN_POINT('Ctrl Pts',(53.1138311084931,1.02451051399001,28.));
#2802=CARTESIAN_POINT('Ctrl Pts',(53.4533936638728,0.886128607583578,28.));
#2803=CARTESIAN_POINT('Ctrl Pts',(53.6413752520457,0.809520483016968,28.));
#2804=CARTESIAN_POINT('',(52.7409660303965,1.39956116676331,26.));
#2805=CARTESIAN_POINT('',(52.7409660303965,1.39956116676331,28.));
#2806=CARTESIAN_POINT('Ctrl Pts',(52.7409660303965,1.39956116676331,26.));
#2807=CARTESIAN_POINT('Ctrl Pts',(52.8560428797823,1.28380978639386,26.));
#2808=CARTESIAN_POINT('Ctrl Pts',(53.1138311084931,1.02451051399001,26.));
#2809=CARTESIAN_POINT('Ctrl Pts',(53.4533936638728,0.886128607583578,26.));
#2810=CARTESIAN_POINT('Ctrl Pts',(53.6413752520457,0.809520483016968,26.));
#2811=CARTESIAN_POINT('Ctrl Pts',(52.4681150401011,2.22152590751648,28.));
#2812=CARTESIAN_POINT('Ctrl Pts',(52.4681150401011,2.22152590751648,26.));
#2813=CARTESIAN_POINT('Ctrl Pts',(52.4787708617448,2.0705378466343,28.));
#2814=CARTESIAN_POINT('Ctrl Pts',(52.4787708617448,2.0705378466343,26.));
#2815=CARTESIAN_POINT('Ctrl Pts',(52.4997606620122,1.77312209150627,28.));
#2816=CARTESIAN_POINT('Ctrl Pts',(52.4997606620122,1.77312209150627,26.));
#2817=CARTESIAN_POINT('Ctrl Pts',(52.6613903467133,1.52280206385805,28.));
#2818=CARTESIAN_POINT('Ctrl Pts',(52.6613903467133,1.52280206385805,26.));
#2819=CARTESIAN_POINT('Ctrl Pts',(52.7409660303965,1.39956116676331,28.));
#2820=CARTESIAN_POINT('Ctrl Pts',(52.7409660303965,1.39956116676331,26.));
#2821=CARTESIAN_POINT('',(52.4681150401011,2.22152590751648,28.));
#2822=CARTESIAN_POINT('Ctrl Pts',(52.4681150401011,2.22152590751648,28.));
#2823=CARTESIAN_POINT('Ctrl Pts',(52.4787708617448,2.0705378466343,28.));
#2824=CARTESIAN_POINT('Ctrl Pts',(52.4997606620122,1.77312209150627,28.));
#2825=CARTESIAN_POINT('Ctrl Pts',(52.6613903467133,1.52280206385805,28.));
#2826=CARTESIAN_POINT('Ctrl Pts',(52.7409660303965,1.39956116676331,28.));
#2827=CARTESIAN_POINT('',(52.4681150401011,2.22152590751648,26.));
#2828=CARTESIAN_POINT('',(52.4681150401011,2.22152590751648,28.));
#2829=CARTESIAN_POINT('Ctrl Pts',(52.4681150401011,2.22152590751648,26.));
#2830=CARTESIAN_POINT('Ctrl Pts',(52.4787708617448,2.0705378466343,26.));
#2831=CARTESIAN_POINT('Ctrl Pts',(52.4997606620122,1.77312209150627,26.));
#2832=CARTESIAN_POINT('Ctrl Pts',(52.6613903467133,1.52280206385805,26.));
#2833=CARTESIAN_POINT('Ctrl Pts',(52.7409660303965,1.39956116676331,26.));
#2834=CARTESIAN_POINT('Ctrl Pts',(52.7511965716258,3.07759642601013,28.));
#2835=CARTESIAN_POINT('Ctrl Pts',(52.7511965716258,3.07759642601013,26.));
#2836=CARTESIAN_POINT('Ctrl Pts',(52.6686338616392,2.94476195983986,28.));
#2837=CARTESIAN_POINT('Ctrl Pts',(52.6686338616392,2.94476195983986,26.));
#2838=CARTESIAN_POINT('Ctrl Pts',(52.5053506337082,2.68205691514948,28.));
#2839=CARTESIAN_POINT('Ctrl Pts',(52.5053506337082,2.68205691514948,26.));
#2840=CARTESIAN_POINT('Ctrl Pts',(52.480433196903,2.37387726315753,28.));
#2841=CARTESIAN_POINT('Ctrl Pts',(52.480433196903,2.37387726315753,26.));
#2842=CARTESIAN_POINT('Ctrl Pts',(52.4681150401011,2.22152590751648,28.));
#2843=CARTESIAN_POINT('Ctrl Pts',(52.4681150401011,2.22152590751648,26.));
#2844=CARTESIAN_POINT('',(52.7511965716258,3.07759642601013,28.));
#2845=CARTESIAN_POINT('Ctrl Pts',(52.7511965716258,3.07759642601013,28.));
#2846=CARTESIAN_POINT('Ctrl Pts',(52.6686338616392,2.94476195983986,28.));
#2847=CARTESIAN_POINT('Ctrl Pts',(52.5053506337082,2.68205691514948,28.));
#2848=CARTESIAN_POINT('Ctrl Pts',(52.480433196903,2.37387726315753,28.));
#2849=CARTESIAN_POINT('Ctrl Pts',(52.4681150401011,2.22152590751648,28.));
#2850=CARTESIAN_POINT('',(52.7511965716258,3.07759642601013,26.));
#2851=CARTESIAN_POINT('',(52.7511965716258,3.07759642601013,28.));
#2852=CARTESIAN_POINT('Ctrl Pts',(52.7511965716258,3.07759642601013,26.));
#2853=CARTESIAN_POINT('Ctrl Pts',(52.6686338616392,2.94476195983986,26.));
#2854=CARTESIAN_POINT('Ctrl Pts',(52.5053506337082,2.68205691514948,26.));
#2855=CARTESIAN_POINT('Ctrl Pts',(52.480433196903,2.37387726315753,26.));
#2856=CARTESIAN_POINT('Ctrl Pts',(52.4681150401011,2.22152590751648,26.));
#2857=CARTESIAN_POINT('Ctrl Pts',(53.6140906298533,3.69492292404175,28.));
#2858=CARTESIAN_POINT('Ctrl Pts',(53.6140906298533,3.69492292404175,26.));
#2859=CARTESIAN_POINT('Ctrl Pts',(53.4368852974125,3.61782493556395,28.));
#2860=CARTESIAN_POINT('Ctrl Pts',(53.4368852974125,3.61782493556395,26.));
#2861=CARTESIAN_POINT('Ctrl Pts',(53.1045707453336,3.47324247207779,28.));
#2862=CARTESIAN_POINT('Ctrl Pts',(53.1045707453336,3.47324247207779,26.));
#2863=CARTESIAN_POINT('Ctrl Pts',(52.8636481907394,3.20349990675803,28.));
#2864=CARTESIAN_POINT('Ctrl Pts',(52.8636481907394,3.20349990675803,26.));
#2865=CARTESIAN_POINT('Ctrl Pts',(52.7511965716258,3.07759642601013,28.));
#2866=CARTESIAN_POINT('Ctrl Pts',(52.7511965716258,3.07759642601013,26.));
#2867=CARTESIAN_POINT('',(53.6140906298533,3.69492292404175,28.));
#2868=CARTESIAN_POINT('Ctrl Pts',(53.6140906298533,3.69492292404175,28.));
#2869=CARTESIAN_POINT('Ctrl Pts',(53.4368852974125,3.61782493556395,28.));
#2870=CARTESIAN_POINT('Ctrl Pts',(53.1045707453336,3.47324247207779,28.));
#2871=CARTESIAN_POINT('Ctrl Pts',(52.8636481907394,3.20349990675803,28.));
#2872=CARTESIAN_POINT('Ctrl Pts',(52.7511965716258,3.07759642601013,28.));
#2873=CARTESIAN_POINT('',(53.6140906298533,3.69492292404175,26.));
#2874=CARTESIAN_POINT('',(53.6140906298533,3.69492292404175,28.));
#2875=CARTESIAN_POINT('Ctrl Pts',(53.6140906298533,3.69492292404175,26.));
#2876=CARTESIAN_POINT('Ctrl Pts',(53.4368852974125,3.61782493556395,26.));
#2877=CARTESIAN_POINT('Ctrl Pts',(53.1045707453336,3.47324247207779,26.));
#2878=CARTESIAN_POINT('Ctrl Pts',(52.8636481907394,3.20349990675803,26.));
#2879=CARTESIAN_POINT('Ctrl Pts',(52.7511965716258,3.07759642601013,26.));
#2880=CARTESIAN_POINT('Ctrl Pts',(54.951060959138,3.92002463340759,28.));
#2881=CARTESIAN_POINT('Ctrl Pts',(54.951060959138,3.92002463340759,26.));
#2882=CARTESIAN_POINT('Ctrl Pts',(54.7114760872961,3.91268180145963,28.));
#2883=CARTESIAN_POINT('Ctrl Pts',(54.7114760872961,3.91268180145963,26.));
#2884=CARTESIAN_POINT('Ctrl Pts',(54.2552465942789,3.89869921369782,28.));
#2885=CARTESIAN_POINT('Ctrl Pts',(54.2552465942789,3.89869921369782,26.));
#2886=CARTESIAN_POINT('Ctrl Pts',(53.8205229893355,3.76053257694099,28.));
#2887=CARTESIAN_POINT('Ctrl Pts',(53.8205229893355,3.76053257694099,26.));
#2888=CARTESIAN_POINT('Ctrl Pts',(53.6140906298533,3.69492292404175,28.));
#2889=CARTESIAN_POINT('Ctrl Pts',(53.6140906298533,3.69492292404175,26.));
#2890=CARTESIAN_POINT('',(54.951060959138,3.92002463340759,28.));
#2891=CARTESIAN_POINT('Ctrl Pts',(54.951060959138,3.92002463340759,28.));
#2892=CARTESIAN_POINT('Ctrl Pts',(54.7114760872961,3.91268180145963,28.));
#2893=CARTESIAN_POINT('Ctrl Pts',(54.2552465942789,3.89869921369782,28.));
#2894=CARTESIAN_POINT('Ctrl Pts',(53.8205229893355,3.76053257694099,28.));
#2895=CARTESIAN_POINT('Ctrl Pts',(53.6140906298533,3.69492292404175,28.));
#2896=CARTESIAN_POINT('',(54.951060959138,3.92002463340759,26.));
#2897=CARTESIAN_POINT('',(54.951060959138,3.92002463340759,28.));
#2898=CARTESIAN_POINT('Ctrl Pts',(54.951060959138,3.92002463340759,26.));
#2899=CARTESIAN_POINT('Ctrl Pts',(54.7114760872961,3.91268180145963,26.));
#2900=CARTESIAN_POINT('Ctrl Pts',(54.2552465942789,3.89869921369782,26.));
#2901=CARTESIAN_POINT('Ctrl Pts',(53.8205229893355,3.76053257694099,26.));
#2902=CARTESIAN_POINT('Ctrl Pts',(53.6140906298533,3.69492292404175,26.));
#2903=CARTESIAN_POINT('Ctrl Pts',(56.485849567689,3.62329959869385,28.));
#2904=CARTESIAN_POINT('Ctrl Pts',(56.485849567689,3.62329959869385,26.));
#2905=CARTESIAN_POINT('Ctrl Pts',(56.2466936367104,3.7098147234546,28.));
#2906=CARTESIAN_POINT('Ctrl Pts',(56.2466936367104,3.7098147234546,26.));
#2907=CARTESIAN_POINT('Ctrl Pts',(55.7509510416114,3.88915057470743,28.));
#2908=CARTESIAN_POINT('Ctrl Pts',(55.7509510416114,3.88915057470743,26.));
#2909=CARTESIAN_POINT('Ctrl Pts',(55.2238685435962,3.90949483992601,28.));
#2910=CARTESIAN_POINT('Ctrl Pts',(55.2238685435962,3.90949483992601,26.));
#2911=CARTESIAN_POINT('Ctrl Pts',(54.951060959138,3.92002463340759,28.));
#2912=CARTESIAN_POINT('Ctrl Pts',(54.951060959138,3.92002463340759,26.));
#2913=CARTESIAN_POINT('',(56.485849567689,3.62329959869385,28.));
#2914=CARTESIAN_POINT('Ctrl Pts',(56.485849567689,3.62329959869385,28.));
#2915=CARTESIAN_POINT('Ctrl Pts',(56.2466936367104,3.7098147234546,28.));
#2916=CARTESIAN_POINT('Ctrl Pts',(55.7509510416114,3.88915057470743,28.));
#2917=CARTESIAN_POINT('Ctrl Pts',(55.2238685435962,3.90949483992601,28.));
#2918=CARTESIAN_POINT('Ctrl Pts',(54.951060959138,3.92002463340759,28.));
#2919=CARTESIAN_POINT('',(56.485849567689,3.62329959869385,26.));
#2920=CARTESIAN_POINT('',(56.485849567689,3.62329959869385,28.));
#2921=CARTESIAN_POINT('Ctrl Pts',(56.485849567689,3.62329959869385,26.));
#2922=CARTESIAN_POINT('Ctrl Pts',(56.2466936367104,3.7098147234546,26.));
#2923=CARTESIAN_POINT('Ctrl Pts',(55.7509510416114,3.88915057470743,26.));
#2924=CARTESIAN_POINT('Ctrl Pts',(55.2238685435962,3.90949483992601,26.));
#2925=CARTESIAN_POINT('Ctrl Pts',(54.951060959138,3.92002463340759,26.));
#2926=CARTESIAN_POINT('Ctrl Pts',(57.4919878924266,2.8456723690033,28.));
#2927=CARTESIAN_POINT('Ctrl Pts',(57.4919878924266,2.8456723690033,26.));
#2928=CARTESIAN_POINT('Ctrl Pts',(57.3623875027968,3.00108777805324,28.));
#2929=CARTESIAN_POINT('Ctrl Pts',(57.3623875027968,3.00108777805324,26.));
#2930=CARTESIAN_POINT('Ctrl Pts',(57.0849388819243,3.33380121376444,28.));
#2931=CARTESIAN_POINT('Ctrl Pts',(57.0849388819243,3.33380121376444,26.));
#2932=CARTESIAN_POINT('Ctrl Pts',(56.6941142069064,3.52265971869813,28.));
#2933=CARTESIAN_POINT('Ctrl Pts',(56.6941142069064,3.52265971869813,26.));
#2934=CARTESIAN_POINT('Ctrl Pts',(56.485849567689,3.62329959869385,28.));
#2935=CARTESIAN_POINT('Ctrl Pts',(56.485849567689,3.62329959869385,26.));
#2936=CARTESIAN_POINT('',(57.4919878924266,2.8456723690033,28.));
#2937=CARTESIAN_POINT('Ctrl Pts',(57.4919878924266,2.8456723690033,28.));
#2938=CARTESIAN_POINT('Ctrl Pts',(57.3623875027968,3.00108777805324,28.));
#2939=CARTESIAN_POINT('Ctrl Pts',(57.0849388819243,3.33380121376444,28.));
#2940=CARTESIAN_POINT('Ctrl Pts',(56.6941142069064,3.52265971869813,28.));
#2941=CARTESIAN_POINT('Ctrl Pts',(56.485849567689,3.62329959869385,28.));
#2942=CARTESIAN_POINT('',(57.4919878924266,2.8456723690033,26.));
#2943=CARTESIAN_POINT('',(57.4919878924266,2.8456723690033,28.));
#2944=CARTESIAN_POINT('Ctrl Pts',(57.4919878924266,2.8456723690033,26.));
#2945=CARTESIAN_POINT('Ctrl Pts',(57.3623875027968,3.00108777805324,26.));
#2946=CARTESIAN_POINT('Ctrl Pts',(57.0849388819243,3.33380121376444,26.));
#2947=CARTESIAN_POINT('Ctrl Pts',(56.6941142069064,3.52265971869813,26.));
#2948=CARTESIAN_POINT('Ctrl Pts',(56.485849567689,3.62329959869385,26.));
#2949=CARTESIAN_POINT('Ctrl Pts',(57.9046761477366,1.61443114280701,28.));
#2950=CARTESIAN_POINT('Ctrl Pts',(57.9046761477366,1.61443114280701,26.));
#2951=CARTESIAN_POINT('Ctrl Pts',(57.8694629101652,1.84689703367449,28.));
#2952=CARTESIAN_POINT('Ctrl Pts',(57.8694629101652,1.84689703367449,26.));
#2953=CARTESIAN_POINT('Ctrl Pts',(57.8035572688209,2.28198379890566,28.));
#2954=CARTESIAN_POINT('Ctrl Pts',(57.8035572688209,2.28198379890566,26.));
#2955=CARTESIAN_POINT('Ctrl Pts',(57.5909838202628,2.66656980875396,28.));
#2956=CARTESIAN_POINT('Ctrl Pts',(57.5909838202628,2.66656980875396,26.));
#2957=CARTESIAN_POINT('Ctrl Pts',(57.4919878924266,2.8456723690033,28.));
#2958=CARTESIAN_POINT('Ctrl Pts',(57.4919878924266,2.8456723690033,26.));
#2959=CARTESIAN_POINT('',(57.9046761477366,1.61443114280701,28.));
#2960=CARTESIAN_POINT('Ctrl Pts',(57.9046761477366,1.61443114280701,28.));
#2961=CARTESIAN_POINT('Ctrl Pts',(57.8694629101652,1.84689703367449,28.));
#2962=CARTESIAN_POINT('Ctrl Pts',(57.8035572688209,2.28198379890566,28.));
#2963=CARTESIAN_POINT('Ctrl Pts',(57.5909838202628,2.66656980875396,28.));
#2964=CARTESIAN_POINT('Ctrl Pts',(57.4919878924266,2.8456723690033,28.));
#2965=CARTESIAN_POINT('',(57.9046761477366,1.61443114280701,26.));
#2966=CARTESIAN_POINT('',(57.9046761477366,1.61443114280701,28.));
#2967=CARTESIAN_POINT('Ctrl Pts',(57.9046761477366,1.61443114280701,26.));
#2968=CARTESIAN_POINT('Ctrl Pts',(57.8694629101652,1.84689703367449,26.));
#2969=CARTESIAN_POINT('Ctrl Pts',(57.8035572688209,2.28198379890566,26.));
#2970=CARTESIAN_POINT('Ctrl Pts',(57.5909838202628,2.66656980875396,26.));
#2971=CARTESIAN_POINT('Ctrl Pts',(57.4919878924266,2.8456723690033,26.));
#2972=CARTESIAN_POINT('Origin',(59.152971454896,1.72357201576233,28.));
#2973=CARTESIAN_POINT('',(59.152971454896,1.72357201576233,28.));
#2974=CARTESIAN_POINT('',(58.8782382648153,1.69955156160918,28.));
#2975=CARTESIAN_POINT('',(59.152971454896,1.72357201576233,26.));
#2976=CARTESIAN_POINT('',(59.152971454896,1.72357201576233,28.));
#2977=CARTESIAN_POINT('',(59.152971454896,1.72357201576233,26.));
#2978=CARTESIAN_POINT('Ctrl Pts',(58.6038577044383,3.52097988128662,28.));
#2979=CARTESIAN_POINT('Ctrl Pts',(58.6038577044383,3.52097988128662,26.));
#2980=CARTESIAN_POINT('Ctrl Pts',(58.7572490230554,3.24510656544009,28.));
#2981=CARTESIAN_POINT('Ctrl Pts',(58.7572490230554,3.24510656544009,26.));
#2982=CARTESIAN_POINT('Ctrl Pts',(59.0684527743205,2.68540858814029,28.));
#2983=CARTESIAN_POINT('Ctrl Pts',(59.0684527743205,2.68540858814029,26.));
#2984=CARTESIAN_POINT('Ctrl Pts',(59.1245329936162,2.04720641155294,28.));
#2985=CARTESIAN_POINT('Ctrl Pts',(59.1245329936162,2.04720641155294,26.));
#2986=CARTESIAN_POINT('Ctrl Pts',(59.152971454896,1.72357201576233,28.));
#2987=CARTESIAN_POINT('Ctrl Pts',(59.152971454896,1.72357201576233,26.));
#2988=CARTESIAN_POINT('Ctrl Pts',(58.6038577044383,3.52097988128662,28.));
#2989=CARTESIAN_POINT('Ctrl Pts',(58.7572490230554,3.24510656544009,28.));
#2990=CARTESIAN_POINT('Ctrl Pts',(59.0684527743205,2.68540858814029,28.));
#2991=CARTESIAN_POINT('Ctrl Pts',(59.1245329936162,2.04720641155294,28.));
#2992=CARTESIAN_POINT('Ctrl Pts',(59.152971454896,1.72357201576233,28.));
#2993=CARTESIAN_POINT('Ctrl Pts',(58.6038577044383,3.52097988128662,26.));
#2994=CARTESIAN_POINT('Ctrl Pts',(58.7572490230554,3.24510656544009,26.));
#2995=CARTESIAN_POINT('Ctrl Pts',(59.0684527743205,2.68540858814029,26.));
#2996=CARTESIAN_POINT('Ctrl Pts',(59.1245329936162,2.04720641155294,26.));
#2997=CARTESIAN_POINT('Ctrl Pts',(59.152971454896,1.72357201576233,26.));
#2998=CARTESIAN_POINT('Origin',(61.4142268383875,-0.0636035203933716,26.));
#2999=CARTESIAN_POINT('Origin',(60.9947180235758,3.53803277015686,28.));
#3000=CARTESIAN_POINT('',(60.9947180235758,3.53803277015686,28.));
#3001=CARTESIAN_POINT('',(60.9947180235758,4.93639588356018,28.));
#3002=CARTESIAN_POINT('',(60.9947180235758,1.76901638507843,28.));
#3003=CARTESIAN_POINT('',(60.9947180235758,3.53803277015686,26.));
#3004=CARTESIAN_POINT('',(60.9947180235758,3.53803277015686,28.));
#3005=CARTESIAN_POINT('',(60.9947180235758,4.93639588356018,26.));
#3006=CARTESIAN_POINT('',(60.9947180235758,3.53803277015686,26.));
#3007=CARTESIAN_POINT('',(60.9947180235758,4.93639588356018,28.));
#3008=CARTESIAN_POINT('Origin',(62.3930811369792,3.53803277015686,28.));
#3009=CARTESIAN_POINT('',(62.3930811369792,3.53803277015686,28.));
#3010=CARTESIAN_POINT('',(60.5715405684896,3.53803277015686,28.));
#3011=CARTESIAN_POINT('',(62.3930811369792,3.53803277015686,26.));
#3012=CARTESIAN_POINT('',(62.3930811369792,3.53803277015686,28.));
#3013=CARTESIAN_POINT('',(62.3930811369792,3.53803277015686,26.));
#3014=CARTESIAN_POINT('Origin',(62.3930811369792,4.93639588356018,28.));
#3015=CARTESIAN_POINT('',(62.3930811369792,4.93639588356018,28.));
#3016=CARTESIAN_POINT('',(62.3930811369792,2.46819794178009,28.));
#3017=CARTESIAN_POINT('',(62.3930811369792,4.93639588356018,26.));
#3018=CARTESIAN_POINT('',(62.3930811369792,4.93639588356018,28.));
#3019=CARTESIAN_POINT('',(62.3930811369792,4.93639588356018,26.));
#3020=CARTESIAN_POINT('Origin',(60.9947180235758,4.93639588356018,28.));
#3021=CARTESIAN_POINT('',(59.8723590117879,4.93639588356018,28.));
#3022=CARTESIAN_POINT('',(60.9947180235758,4.93639588356018,26.));
#3023=CARTESIAN_POINT('Origin',(61.4142268383875,-0.0636035203933716,26.));
#3024=CARTESIAN_POINT('Origin',(62.4885785067454,-5.06360411643982,28.));
#3025=CARTESIAN_POINT('',(62.4885785067454,-5.06360411643982,28.));
#3026=CARTESIAN_POINT('',(66.4039957011119,4.93639588356018,28.));
#3027=CARTESIAN_POINT('',(63.0996353784328,-3.50296104482395,28.));
#3028=CARTESIAN_POINT('',(62.4885785067454,-5.06360411643982,26.));
#3029=CARTESIAN_POINT('',(62.4885785067454,-5.06360411643982,28.));
#3030=CARTESIAN_POINT('',(66.4039957011119,4.93639588356018,26.));
#3031=CARTESIAN_POINT('',(62.4885785067454,-5.06360411643982,26.));
#3032=CARTESIAN_POINT('',(66.4039957011119,4.93639588356018,28.));
#3033=CARTESIAN_POINT('Origin',(63.839193531312,-5.06360411643982,28.));
#3034=CARTESIAN_POINT('',(63.839193531312,-5.06360411643982,28.));
#3035=CARTESIAN_POINT('',(61.294596765656,-5.06360411643982,28.));
#3036=CARTESIAN_POINT('',(63.839193531312,-5.06360411643982,26.));
#3037=CARTESIAN_POINT('',(63.839193531312,-5.06360411643982,28.));
#3038=CARTESIAN_POINT('',(63.839193531312,-5.06360411643982,26.));
#3039=CARTESIAN_POINT('Origin',(66.5404211962596,2.2010612487793,28.));
#3040=CARTESIAN_POINT('',(66.5404211962596,2.2010612487793,28.));
#3041=CARTESIAN_POINT('',(65.7077837199439,-0.0382289504389349,28.));
#3042=CARTESIAN_POINT('',(66.5404211962596,2.2010612487793,26.));
#3043=CARTESIAN_POINT('',(66.5404211962596,2.2010612487793,28.));
#3044=CARTESIAN_POINT('',(66.5404211962596,2.2010612487793,26.));
#3045=CARTESIAN_POINT('Ctrl Pts',(67.0793020213023,3.83816957473755,28.));
#3046=CARTESIAN_POINT('Ctrl Pts',(67.0793020213023,3.83816957473755,26.));
#3047=CARTESIAN_POINT('Ctrl Pts',(66.9985237352284,3.56440266388736,28.));
#3048=CARTESIAN_POINT('Ctrl Pts',(66.9985237352284,3.56440266388736,26.));
#3049=CARTESIAN_POINT('Ctrl Pts',(66.8358606128478,3.01311861606011,28.));
#3050=CARTESIAN_POINT('Ctrl Pts',(66.8358606128478,3.01311861606011,26.));
#3051=CARTESIAN_POINT('Ctrl Pts',(66.6393466111178,2.47297185865868,28.));
#3052=CARTESIAN_POINT('Ctrl Pts',(66.6393466111178,2.47297185865868,26.));
#3053=CARTESIAN_POINT('Ctrl Pts',(66.5404211962596,2.2010612487793,28.));
#3054=CARTESIAN_POINT('Ctrl Pts',(66.5404211962596,2.2010612487793,26.));
#3055=CARTESIAN_POINT('',(67.0793020213023,3.83816957473755,28.));
#3056=CARTESIAN_POINT('Ctrl Pts',(67.0793020213023,3.83816957473755,28.));
#3057=CARTESIAN_POINT('Ctrl Pts',(66.9985237352284,3.56440266388736,28.));
#3058=CARTESIAN_POINT('Ctrl Pts',(66.8358606128478,3.01311861606011,28.));
#3059=CARTESIAN_POINT('Ctrl Pts',(66.6393466111178,2.47297185865868,28.));
#3060=CARTESIAN_POINT('Ctrl Pts',(66.5404211962596,2.2010612487793,28.));
#3061=CARTESIAN_POINT('',(67.0793020213023,3.83816957473755,26.));
#3062=CARTESIAN_POINT('',(67.0793020213023,3.83816957473755,28.));
#3063=CARTESIAN_POINT('Ctrl Pts',(67.0793020213023,3.83816957473755,26.));
#3064=CARTESIAN_POINT('Ctrl Pts',(66.9985237352284,3.56440266388736,26.));
#3065=CARTESIAN_POINT('Ctrl Pts',(66.8358606128478,3.01311861606011,26.));
#3066=CARTESIAN_POINT('Ctrl Pts',(66.6393466111178,2.47297185865868,26.));
#3067=CARTESIAN_POINT('Ctrl Pts',(66.5404211962596,2.2010612487793,26.));
#3068=CARTESIAN_POINT('Ctrl Pts',(67.6045405352488,2.2010612487793,28.));
#3069=CARTESIAN_POINT('Ctrl Pts',(67.6045405352488,2.2010612487793,26.));
#3070=CARTESIAN_POINT('Ctrl Pts',(67.5057228989857,2.48212744422747,28.));
#3071=CARTESIAN_POINT('Ctrl Pts',(67.5057228989857,2.48212744422747,26.));
#3072=CARTESIAN_POINT('Ctrl Pts',(67.3155609656928,3.02300347740208,28.));
#3073=CARTESIAN_POINT('Ctrl Pts',(67.3155609656928,3.02300347740208,26.));
#3074=CARTESIAN_POINT('Ctrl Pts',(67.1559642932797,3.573661133705,28.));
#3075=CARTESIAN_POINT('Ctrl Pts',(67.1559642932797,3.573661133705,26.));
#3076=CARTESIAN_POINT('Ctrl Pts',(67.0793020213023,3.83816957473755,28.));
#3077=CARTESIAN_POINT('Ctrl Pts',(67.0793020213023,3.83816957473755,26.));
#3078=CARTESIAN_POINT('',(67.6045405352488,2.2010612487793,28.));
#3079=CARTESIAN_POINT('Ctrl Pts',(67.6045405352488,2.2010612487793,28.));
#3080=CARTESIAN_POINT('Ctrl Pts',(67.5057228989857,2.48212744422747,28.));
#3081=CARTESIAN_POINT('Ctrl Pts',(67.3155609656928,3.02300347740208,28.));
#3082=CARTESIAN_POINT('Ctrl Pts',(67.1559642932797,3.573661133705,28.));
#3083=CARTESIAN_POINT('Ctrl Pts',(67.0793020213023,3.83816957473755,28.));
#3084=CARTESIAN_POINT('',(67.6045405352488,2.2010612487793,26.));
#3085=CARTESIAN_POINT('',(67.6045405352488,2.2010612487793,28.));
#3086=CARTESIAN_POINT('Ctrl Pts',(67.6045405352488,2.2010612487793,26.));
#3087=CARTESIAN_POINT('Ctrl Pts',(67.5057228989857,2.48212744422747,26.));
#3088=CARTESIAN_POINT('Ctrl Pts',(67.3155609656928,3.02300347740208,26.));
#3089=CARTESIAN_POINT('Ctrl Pts',(67.1559642932797,3.573661133705,26.));
#3090=CARTESIAN_POINT('Ctrl Pts',(67.0793020213023,3.83816957473755,26.));
#3091=CARTESIAN_POINT('Origin',(70.2034490788355,-5.06360411643982,28.));
#3092=CARTESIAN_POINT('',(70.2034490788355,-5.06360411643982,28.));
#3093=CARTESIAN_POINT('',(68.7507101863653,-1.00279868991625,28.));
#3094=CARTESIAN_POINT('',(70.2034490788355,-5.06360411643982,26.));
#3095=CARTESIAN_POINT('',(70.2034490788355,-5.06360411643982,28.));
#3096=CARTESIAN_POINT('',(70.2034490788355,-5.06360411643982,26.));
#3097=CARTESIAN_POINT('Origin',(71.6359185660258,-5.06360411643982,28.));
#3098=CARTESIAN_POINT('',(71.6359185660258,-5.06360411643982,28.));
#3099=CARTESIAN_POINT('',(65.1929592830129,-5.06360411643982,28.));
#3100=CARTESIAN_POINT('',(71.6359185660258,-5.06360411643982,26.));
#3101=CARTESIAN_POINT('',(71.6359185660258,-5.06360411643982,28.));
#3102=CARTESIAN_POINT('',(71.6359185660258,-5.06360411643982,26.));
#3103=CARTESIAN_POINT('Origin',(67.7614294970408,4.93639588356018,28.));
#3104=CARTESIAN_POINT('',(67.7614294970408,4.93639588356018,28.));
#3105=CARTESIAN_POINT('',(68.004811561576,4.30823031075362,28.));
#3106=CARTESIAN_POINT('',(67.7614294970408,4.93639588356018,26.));
#3107=CARTESIAN_POINT('',(67.7614294970408,4.93639588356018,28.));
#3108=CARTESIAN_POINT('',(67.7614294970408,4.93639588356018,26.));
#3109=CARTESIAN_POINT('Origin',(66.4039957011119,4.93639588356018,28.));
#3110=CARTESIAN_POINT('',(62.5769978505559,4.93639588356018,28.));
#3111=CARTESIAN_POINT('',(66.4039957011119,4.93639588356018,26.));
#3112=CARTESIAN_POINT('Origin',(61.4142268383875,-0.0636035203933716,26.));
#3113=CARTESIAN_POINT('Origin',(113.,1.35631844410763E-10,10.5));
#3114=CARTESIAN_POINT('',(113.767857142356,1.84672559126513,8.));
#3115=CARTESIAN_POINT('',(113.767857143358,-1.84672559057728,8.));
#3116=CARTESIAN_POINT('Origin',(113.,1.35631844410763E-10,8.));
#3117=CARTESIAN_POINT('',(113.767857142356,1.84672559126513,10.5));
#3118=CARTESIAN_POINT('',(113.767857142356,1.84672559126512,10.5));
#3119=CARTESIAN_POINT('',(113.767857143358,-1.84672559057728,10.5));
#3120=CARTESIAN_POINT('Origin',(113.,1.35631844410763E-10,10.5));
#3121=CARTESIAN_POINT('',(113.767857143358,-1.84672559057728,10.5));
#3122=CARTESIAN_POINT('Origin',(120.,2.03448403255951E-9,0.));
#3123=CARTESIAN_POINT('Origin',(120.,2.03448403255951E-9,8.));
#3124=CARTESIAN_POINT('',(119.999999792739,-6.49999999796551,10.5));
#3125=CARTESIAN_POINT('Origin',(120.,2.03448403255951E-9,10.5));
#3126=CARTESIAN_POINT('',(126.5,2.0344836926256E-9,10.5));
#3127=CARTESIAN_POINT('Origin',(120.,2.03448403255951E-9,10.5));
#3128=CARTESIAN_POINT('',(120.,6.50000000203449,10.5));
#3129=CARTESIAN_POINT('Origin',(120.,2.03448403255951E-9,10.5));
#3130=CARTESIAN_POINT('Origin',(120.,2.03448403255951E-9,10.5));
#3131=CARTESIAN_POINT('Origin',(58.75,0.,8.));
#3132=CARTESIAN_POINT('',(45.3860667477668,18.0583762873051,8.));
#3133=CARTESIAN_POINT('',(45.323766333607,15.0590232406887,8.));
#3134=CARTESIAN_POINT('',(45.1703623492847,7.67363561614494,8.));
#3135=CARTESIAN_POINT('',(120.34374999972,16.4964188842553,8.));
#3136=CARTESIAN_POINT('',(89.7320421004143,17.1343012426601,8.));
#3137=CARTESIAN_POINT('',(120.34375000028,-16.4964188801747,8.));
#3138=CARTESIAN_POINT('Origin',(120.,2.03448403255984E-9,8.));
#3139=CARTESIAN_POINT('',(45.3860666487713,-18.0583762878417,8.));
#3140=CARTESIAN_POINT('',(29.7580837676624,-18.3840299438328,8.));
#3141=CARTESIAN_POINT('',(45.3235666486565,-15.0590274016056,8.));
#3142=CARTESIAN_POINT('',(45.200899547648,-9.17228448782734,8.));
#3143=CARTESIAN_POINT('',(49.0593704754119,-14.9811812596399,8.));
#3144=CARTESIAN_POINT('',(29.6955837675617,-15.38468105753,8.));
#3145=CARTESIAN_POINT('',(49.0593704754119,14.98118125984,8.));
#3146=CARTESIAN_POINT('',(49.0593704754119,-7.49059062981996,8.));
#3147=CARTESIAN_POINT('',(54.0586023382855,14.8770079866142,8.));
#3148=CARTESIAN_POINT('Origin',(123.24999989637,-3.24999999796552,10.5));
#3149=CARTESIAN_POINT('',(126.5,-6.49999999796551,10.5));
#3150=CARTESIAN_POINT('',(126.5,-6.49999999796551,10.5));
#3151=CARTESIAN_POINT('',(126.5,6.50000000203449,10.5));
#3152=CARTESIAN_POINT('Origin',(123.25,3.25000000203449,10.5));
#3153=CARTESIAN_POINT('',(126.5,6.50000000203449,10.5));
#3154=CARTESIAN_POINT('',(103.5,6.50000000203449,10.5));
#3155=CARTESIAN_POINT('',(126.5,6.50000000203449,10.5));
#3156=CARTESIAN_POINT('Origin',(111.75,2.03448702329467E-9,10.5));
#3157=CARTESIAN_POINT('',(103.5,6.50000000203449,10.5));
#3158=CARTESIAN_POINT('',(103.5,6.50000000203449,10.5));
#3159=CARTESIAN_POINT('',(103.5,-6.49999999796551,10.5));
#3160=CARTESIAN_POINT('',(103.5,-6.49999999796551,10.5));
#3161=CARTESIAN_POINT('',(126.5,-6.49999999796551,10.5));
#3162=CARTESIAN_POINT('Origin',(107.5,6.75000000101724,25.5));
#3163=CARTESIAN_POINT('',(120.,16.503581897219,23.));
#3164=CARTESIAN_POINT('',(95.,17.0245282950017,28.));
#3165=CARTESIAN_POINT('',(116.226163614331,16.5822205560564,23.7547672771338));
#3166=CARTESIAN_POINT('',(95.,13.5000000020345,28.));
#3167=CARTESIAN_POINT('',(95.,6.75000000101724,28.));
#3168=CARTESIAN_POINT('',(120.,13.5000000020345,23.));
#3169=CARTESIAN_POINT('',(101.25,13.5000000020345,26.75));
#3170=CARTESIAN_POINT('',(120.,13.5000000020345,23.));
#3171=CARTESIAN_POINT('Origin',(120.34374999972,16.4964188842553,0.));
#3172=CARTESIAN_POINT('',(120.34374999972,16.4964188842553,23.));
#3173=CARTESIAN_POINT('',(124.46695963514,16.4105000359803,23.));
#3174=CARTESIAN_POINT('',(120.34374999972,16.4964188842553,0.));
#3175=CARTESIAN_POINT('',(0.395833333011247,18.9958762886179,13.));
#3176=CARTESIAN_POINT('',(71.599561433613,17.5121432621095,5.08675720303678));
#3177=CARTESIAN_POINT('',(0.39583333301124,18.9958762886179,28.));
#3178=CARTESIAN_POINT('',(0.395833333011235,18.9958762886179,0.));
#3179=CARTESIAN_POINT('',(0.395833333011235,18.9958762886179,28.));
#3180=CARTESIAN_POINT('Origin',(107.5,-8.25179094658084,25.5));
#3181=CARTESIAN_POINT('',(95.,-17.0245282917925,28.));
#3182=CARTESIAN_POINT('',(120.,-16.5035818931617,23.));
#3183=CARTESIAN_POINT('',(58.5428943460722,-17.7842162075891,35.2914211307856));
#3184=CARTESIAN_POINT('',(120.,-13.4999999979655,23.));
#3185=CARTESIAN_POINT('',(120.,-16.5035818931617,23.));
#3186=CARTESIAN_POINT('',(95.,-13.4999999979655,28.));
#3187=CARTESIAN_POINT('',(113.269230769231,-13.4999999979655,24.3461538461538));
#3188=CARTESIAN_POINT('',(95.,-8.25179094658084,28.));
#3189=CARTESIAN_POINT('Origin',(120.,-13.4999999979655,28.));
#3190=CARTESIAN_POINT('',(120.,-13.4999999979655,18.));
#3191=CARTESIAN_POINT('',(120.,-13.4999999979655,28.));
#3192=CARTESIAN_POINT('',(95.,-13.4999999979655,18.));
#3193=CARTESIAN_POINT('',(95.,-13.4999999979655,18.));
#3194=CARTESIAN_POINT('',(95.,-13.4999999979655,28.));
#3195=CARTESIAN_POINT('Origin',(128.25,2.02865280130027E-9,23.));
#3196=CARTESIAN_POINT('',(120.34375000028,-16.4964188801747,23.));
#3197=CARTESIAN_POINT('',(64.4930013023812,-17.6602287359749,23.));
#3198=CARTESIAN_POINT('Origin',(120.,2.03448403255984E-9,23.));
#3199=CARTESIAN_POINT('Origin',(120.,2.03448403255951E-9,23.));
#3200=CARTESIAN_POINT('Origin',(120.,2.03448403255984E-9,0.));
#3201=CARTESIAN_POINT('',(120.34375000028,-16.4964188801747,0.));
#3202=CARTESIAN_POINT('Origin',(0.395833333655364,-18.9958762886045,0.));
#3203=CARTESIAN_POINT('',(0.395833333655382,-18.9958762886045,28.));
#3204=CARTESIAN_POINT('',(120.34375000028,-16.4964188801747,28.));
#3205=CARTESIAN_POINT('',(0.395833333655379,-18.9958762886045,13.));
#3206=CARTESIAN_POINT('',(0.395833333655383,-18.9958762886045,0.));
#3207=CARTESIAN_POINT('',(12.356651458756,-18.7466384835265,11.6707317073324));
#3208=CARTESIAN_POINT('Origin',(22.6752145494654,8.14088872130935,10.5));
#3209=CARTESIAN_POINT('',(0.333532918851393,15.9965232420015,13.));
#3210=CARTESIAN_POINT('',(35.9214747521895,15.2549468378983,9.04492585032175));
#3211=CARTESIAN_POINT('',(0.333532918851393,15.9965232420015,13.));
#3212=CARTESIAN_POINT('Origin',(22.7057828901047,-9.64103448891349,10.5));
#3213=CARTESIAN_POINT('',(0.333333333536504,-15.9965274021772,13.));
#3214=CARTESIAN_POINT('',(0.333333333536504,-15.9965274021772,13.));
#3215=CARTESIAN_POINT('',(11.8552223531589,-15.7564359386183,11.7195121951335));
#3216=CARTESIAN_POINT('Origin',(0.333333333536476,-15.9965274021772,8.));
#3217=CARTESIAN_POINT('',(0.333333333536507,-15.9965274021772,18.));
#3218=CARTESIAN_POINT('',(0.333333333536507,-15.9965274021772,8.));
#3219=CARTESIAN_POINT('',(49.0593704754119,-14.9811812596399,18.));
#3220=CARTESIAN_POINT('',(120.281250000171,-13.4970699942571,18.));
#3221=CARTESIAN_POINT('',(49.0593704754119,-14.9811812596399,8.));
#3222=CARTESIAN_POINT('Origin',(-9.30208333317231,0.,13.));
#3223=CARTESIAN_POINT('Origin',(0.,0.,13.));
#3224=CARTESIAN_POINT('Origin',(0.,0.,13.));
#3225=CARTESIAN_POINT('Origin',(0.,0.,0.));
#3226=CARTESIAN_POINT('Origin',(0.,0.,28.));
#3227=CARTESIAN_POINT('Origin',(44.2500000000902,4.99999999956958,18.));
#3228=CARTESIAN_POINT('',(43.1623000000902,4.99999999956958,18.));
#3229=CARTESIAN_POINT('Origin',(44.2500000000902,4.99999999956958,18.));
#3230=CARTESIAN_POINT('',(43.1623000000902,4.99999999956958,23.));
#3231=CARTESIAN_POINT('',(43.1623000000902,4.99999999956958,18.));
#3232=CARTESIAN_POINT('Origin',(44.2500000000902,4.99999999956958,23.));
#3233=CARTESIAN_POINT('Origin',(44.2500000000902,4.99999999956958,23.));
#3234=CARTESIAN_POINT('Origin',(-3.75000000009014,4.99999999956959,18.));
#3235=CARTESIAN_POINT('',(-4.83770000009014,4.99999999956959,18.));
#3236=CARTESIAN_POINT('Origin',(-3.75000000009014,4.99999999956959,18.));
#3237=CARTESIAN_POINT('',(-4.83770000009014,4.99999999956959,23.));
#3238=CARTESIAN_POINT('',(-4.83770000009014,4.99999999956959,18.));
#3239=CARTESIAN_POINT('Origin',(-3.75000000009014,4.99999999956959,23.));
#3240=CARTESIAN_POINT('Origin',(-3.75000000009014,4.99999999956959,23.));
#3241=CARTESIAN_POINT('Origin',(44.25,-5.00000000043042,18.));
#3242=CARTESIAN_POINT('',(43.1623,-5.00000000043042,18.));
#3243=CARTESIAN_POINT('Origin',(44.25,-5.00000000043042,18.));
#3244=CARTESIAN_POINT('',(43.1623,-5.00000000043042,23.));
#3245=CARTESIAN_POINT('',(43.1623,-5.00000000043042,18.));
#3246=CARTESIAN_POINT('Origin',(44.25,-5.00000000043042,23.));
#3247=CARTESIAN_POINT('Origin',(44.25,-5.00000000043042,23.));
#3248=CARTESIAN_POINT('Origin',(-3.75,-5.00000000043041,18.));
#3249=CARTESIAN_POINT('',(-4.8377,-5.00000000043041,18.));
#3250=CARTESIAN_POINT('Origin',(-3.75,-5.00000000043041,18.));
#3251=CARTESIAN_POINT('',(-4.8377,-5.00000000043041,23.));
#3252=CARTESIAN_POINT('',(-4.8377,-5.00000000043041,18.));
#3253=CARTESIAN_POINT('Origin',(-3.75,-5.00000000043041,23.));
#3254=CARTESIAN_POINT('Origin',(-3.75,-5.00000000043041,23.));
#3255=CARTESIAN_POINT('Origin',(40.75,-10.5000000004597,18.));
#3256=CARTESIAN_POINT('',(40.75,-10.5000000004597,18.));
#3257=CARTESIAN_POINT('',(40.75,-10.5000000004597,25.5));
#3258=CARTESIAN_POINT('',(40.75,-10.5000000004597,18.));
#3259=CARTESIAN_POINT('',(40.75,10.4999999995403,25.5));
#3260=CARTESIAN_POINT('',(40.75,10.4999999995403,25.5));
#3261=CARTESIAN_POINT('',(40.75,10.4999999995403,18.));
#3262=CARTESIAN_POINT('',(40.75,10.4999999995403,18.));
#3263=CARTESIAN_POINT('',(40.75,-5.25000000022985,18.));
#3264=CARTESIAN_POINT('Origin',(-0.250000000000004,-10.5000000004597,18.));
#3265=CARTESIAN_POINT('',(-0.249999999999999,-10.5000000004597,18.));
#3266=CARTESIAN_POINT('',(-0.249999999999999,-10.5000000004597,25.5));
#3267=CARTESIAN_POINT('',(-0.249999999999999,-10.5000000004597,18.));
#3268=CARTESIAN_POINT('',(40.75,-10.5000000004597,25.5));
#3269=CARTESIAN_POINT('',(8.13984261854162,-10.5000000004597,18.));
#3270=CARTESIAN_POINT('Origin',(40.75,10.4999999995403,18.));
#3271=CARTESIAN_POINT('',(-0.249999999999999,10.4999999995403,25.5));
#3272=CARTESIAN_POINT('',(-0.249999999999999,10.4999999995403,25.5));
#3273=CARTESIAN_POINT('',(-0.249999999999999,10.4999999995403,18.));
#3274=CARTESIAN_POINT('',(-0.249999999999999,10.4999999995403,18.));
#3275=CARTESIAN_POINT('',(28.6398426185416,10.4999999995403,18.));
#3276=CARTESIAN_POINT('Origin',(-0.249999999999999,10.4999999995403,18.));
#3277=CARTESIAN_POINT('',(-0.249999999999999,-10.5000000004597,25.5));
#3278=CARTESIAN_POINT('',(-0.249999999999999,5.24999999977015,18.));
#3279=CARTESIAN_POINT('Origin',(20.25,-4.59701166022342E-10,25.5));
#3280=CARTESIAN_POINT('',(1.25,-4.59699367158514E-10,25.5));
#3281=CARTESIAN_POINT('Origin',(10.25,-4.59700469340634E-10,25.5));
#3282=CARTESIAN_POINT('Origin',(0.,0.,8.));
#3283=CARTESIAN_POINT('',(0.33353291885147,15.9965232420015,18.));
#3284=CARTESIAN_POINT('',(0.33353291885147,15.9965232420015,8.));
#3285=CARTESIAN_POINT('Origin',(0.,0.,18.));
#3286=CARTESIAN_POINT('Origin',(49.0593704754119,14.98118125984,8.));
#3287=CARTESIAN_POINT('',(49.0593704754119,14.98118125984,18.));
#3288=CARTESIAN_POINT('',(49.0593704754119,14.98118125984,8.));
#3289=CARTESIAN_POINT('',(120.281249999771,13.4970699965788,18.));
#3290=CARTESIAN_POINT('Origin',(49.0593704754119,-14.9811812596399,8.));
#3291=CARTESIAN_POINT('',(49.0593704754119,33.6752913381047,18.));
#3292=CARTESIAN_POINT('Origin',(16.5296852370832,0.,18.));
#3293=CARTESIAN_POINT('Origin',(103.5,-6.49999999796551,18.));
#3294=CARTESIAN_POINT('',(103.5,-6.49999999796551,18.));
#3295=CARTESIAN_POINT('',(103.5,6.50000000203449,18.));
#3296=CARTESIAN_POINT('',(103.5,-3.24999999796551,18.));
#3297=CARTESIAN_POINT('',(103.5,-6.49999999796551,18.));
#3298=CARTESIAN_POINT('',(103.5,6.50000000203449,18.));
#3299=CARTESIAN_POINT('Origin',(126.5,-6.49999999796551,18.));
#3300=CARTESIAN_POINT('',(126.5,-6.49999999796551,18.));
#3301=CARTESIAN_POINT('',(120.375,-6.49999999796551,18.));
#3302=CARTESIAN_POINT('',(126.5,-6.49999999796551,18.));
#3303=CARTESIAN_POINT('Origin',(126.5,6.50000000203449,18.));
#3304=CARTESIAN_POINT('',(126.5,6.50000000203449,18.));
#3305=CARTESIAN_POINT('',(126.5,2.0344836926256E-9,18.));
#3306=CARTESIAN_POINT('',(126.5,6.50000000203449,18.));
#3307=CARTESIAN_POINT('Origin',(120.,6.50000000203449,18.));
#3308=CARTESIAN_POINT('',(117.125,6.50000000203449,18.));
#3309=CARTESIAN_POINT('Origin',(129.,-4.65749995772248E-16,18.));
#3310=CARTESIAN_POINT('',(129.8115,-5.65130083523055E-16,18.));
#3311=CARTESIAN_POINT('Origin',(129.,-4.65749995772248E-16,18.));
#3312=CARTESIAN_POINT('',(129.8115,-5.65130083523055E-16,13.));
#3313=CARTESIAN_POINT('',(129.8115,-5.65130083523055E-16,18.));
#3314=CARTESIAN_POINT('Origin',(129.,-4.65749995772248E-16,13.));
#3315=CARTESIAN_POINT('Origin',(129.,-4.16333634234434E-16,13.));
#3316=CARTESIAN_POINT('Origin',(101.,2.03449089681923E-9,18.));
#3317=CARTESIAN_POINT('',(101.8115,2.03449079743914E-9,18.));
#3318=CARTESIAN_POINT('Origin',(101.,2.03449089681923E-9,18.));
#3319=CARTESIAN_POINT('',(101.8115,2.03449079743914E-9,13.));
#3320=CARTESIAN_POINT('',(101.8115,2.03449079743914E-9,18.));
#3321=CARTESIAN_POINT('Origin',(101.,2.03449089681923E-9,13.));
#3322=CARTESIAN_POINT('Origin',(101.,2.03449090907526E-9,13.));
#3323=CARTESIAN_POINT('Origin',(95.,13.5000000020345,28.));
#3324=CARTESIAN_POINT('',(95.,13.5000000020345,18.));
#3325=CARTESIAN_POINT('',(95.,13.5000000020345,28.));
#3326=CARTESIAN_POINT('',(120.,13.5000000020345,18.));
#3327=CARTESIAN_POINT('',(120.,13.5000000020345,18.));
#3328=CARTESIAN_POINT('',(120.,13.5000000020345,28.));
#3329=CARTESIAN_POINT('Origin',(95.,-13.4999999979655,28.));
#3330=CARTESIAN_POINT('',(95.,-6.74999999898276,28.));
#3331=CARTESIAN_POINT('',(95.,13.5000000020345,18.));
#3332=CARTESIAN_POINT('Origin',(120.,2.03448403255951E-9,28.));
#3333=CARTESIAN_POINT('Origin',(120.,2.03448403255951E-9,18.));
#3334=CARTESIAN_POINT('Origin',(114.25,2.0344836926256E-9,18.));
#3335=CARTESIAN_POINT('Origin',(10.25,-4.59700469340634E-10,0.));
#3336=CARTESIAN_POINT('',(1.25,-4.59701571522753E-10,28.));
#3337=CARTESIAN_POINT('Origin',(10.25,-4.59700469340634E-10,28.));
#3338=CARTESIAN_POINT('',(1.25,-4.59701571522753E-10,0.));
#3339=CARTESIAN_POINT('Origin',(58.75,0.,28.));
#3340=UNCERTAINTY_MEASURE_WITH_UNIT(LENGTH_MEASURE(0.01),#3344,
'DISTANCE_ACCURACY_VALUE',
'Maximum model space distance between geometric entities at asserted c
onnectivities');
#3341=UNCERTAINTY_MEASURE_WITH_UNIT(LENGTH_MEASURE(0.01),#3344,
'DISTANCE_ACCURACY_VALUE',
'Maximum model space distance between geometric entities at asserted c
onnectivities');
#3342=(
GEOMETRIC_REPRESENTATION_CONTEXT(3)
GLOBAL_UNCERTAINTY_ASSIGNED_CONTEXT((#3340))
GLOBAL_UNIT_ASSIGNED_CONTEXT((#3344,#3346,#3347))
REPRESENTATION_CONTEXT('','3D')
);
#3343=(
GEOMETRIC_REPRESENTATION_CONTEXT(3)
GLOBAL_UNCERTAINTY_ASSIGNED_CONTEXT((#3341))
GLOBAL_UNIT_ASSIGNED_CONTEXT((#3344,#3346,#3347))
REPRESENTATION_CONTEXT('','3D')
);
#3344=(
LENGTH_UNIT()
NAMED_UNIT(*)
SI_UNIT(.MILLI.,.METRE.)
);
#3345=(
LENGTH_UNIT()
NAMED_UNIT(*)
SI_UNIT($,.METRE.)
);
#3346=(
NAMED_UNIT(*)
PLANE_ANGLE_UNIT()
SI_UNIT($,.RADIAN.)
);
#3347=(
NAMED_UNIT(*)
SI_UNIT($,.STERADIAN.)
SOLID_ANGLE_UNIT()
);
#3348=SHAPE_DEFINITION_REPRESENTATION(#3349,#3350);
#3349=PRODUCT_DEFINITION_SHAPE('',$,#3352);
#3350=SHAPE_REPRESENTATION('',(#1787),#3342);
#3351=PRODUCT_DEFINITION_CONTEXT('part definition',#3356,'design');
#3352=PRODUCT_DEFINITION('2026-01-09-11-46-37-921','Link 2',#3353,#3351);
#3353=PRODUCT_DEFINITION_FORMATION('',$,#3358);
#3354=PRODUCT_RELATED_PRODUCT_CATEGORY('Link 2','Link 2',(#3358));
#3355=APPLICATION_PROTOCOL_DEFINITION('international standard',
'automotive_design',2009,#3356);
#3356=APPLICATION_CONTEXT(
'Core Data for Automotive Mechanical Design Process');
#3357=PRODUCT_CONTEXT('part definition',#3356,'mechanical');
#3358=PRODUCT('2026-01-09-11-46-37-921','Link 2',$,(#3357));
#3359=PRESENTATION_STYLE_ASSIGNMENT((#3361));
#3360=PRESENTATION_STYLE_ASSIGNMENT((#3362));
#3361=SURFACE_STYLE_USAGE(.BOTH.,#3363);
#3362=SURFACE_STYLE_USAGE(.BOTH.,#3364);
#3363=SURFACE_SIDE_STYLE('',(#3365));
#3364=SURFACE_SIDE_STYLE('',(#3366));
#3365=SURFACE_STYLE_FILL_AREA(#3367);
#3366=SURFACE_STYLE_FILL_AREA(#3368);
#3367=FILL_AREA_STYLE('Steel - Satin',(#3369));
#3368=FILL_AREA_STYLE('Paint - Enamel Glossy (Yellow)',(#3370));
#3369=FILL_AREA_STYLE_COLOUR('Steel - Satin',#3371);
#3370=FILL_AREA_STYLE_COLOUR('Paint - Enamel Glossy (Yellow)',#3372);
#3371=COLOUR_RGB('Steel - Satin',0.627450980392157,0.627450980392157,0.627450980392157);
#3372=COLOUR_RGB('Paint - Enamel Glossy (Yellow)',0.909803921568627,0.67843137254902,
0.137254901960784);
ENDSEC;
END-ISO-10303-21;
